ip_100000,dev_102056
ip_100000,dev_102057
ip_100001,dev_102762
ip_100002,dev_100230
ip_100003,dev_102833
ip_100003,dev_102834
ip_100003,dev_102835
ip_100003,dev_102836
ip_100003,dev_102837
ip_100003,dev_102838
ip_100003,dev_102839
ip_100003,dev_102840
ip_100003,dev_102841
ip_100003,dev_102842
ip_100003,dev_102843
ip_100003,dev_102844
ip_100003,dev_102845
ip_100003,dev_102846
ip_100003,dev_102847
ip_100003,dev_102848
ip_100004,dev_103109
ip_100005,dev_100645
ip_100006,dev_102309
ip_100006,dev_102311
ip_100006,dev_102312
ip_100006,dev_102313
ip_100006,dev_102314
ip_100006,dev_102316
ip_100007,dev_102203
ip_100008,dev_101818
ip_100008,dev_101819
ip_100009,dev_103219
ip_100010,dev_101340
ip_100011,dev_101165
ip_100012,dev_100623
ip_100013,dev_103581
ip_100014,dev_100672
ip_100014,dev_100673
ip_100014,dev_100674
ip_100015,dev_100483
ip_100015,dev_100484
ip_100016,dev_100279
ip_100016,dev_100280
ip_100016,dev_100281
ip_100017,dev_102270
ip_100018,dev_101884
ip_100018,dev_101885
ip_100019,dev_101319
ip_100020,dev_101751
ip_100020,dev_101752
ip_100021,dev_102271
ip_100022,dev_100038
ip_100023,dev_102138
ip_100023,dev_102139
ip_100023,dev_102140
ip_100023,dev_102141
ip_100023,dev_102142
ip_100023,dev_102143
ip_100023,dev_102144
ip_100023,dev_102145
ip_100023,dev_102146
ip_100023,dev_102147
ip_100023,dev_102148
ip_100023,dev_102149
ip_100024,dev_101781
ip_100025,dev_101491
ip_100026,dev_100347
ip_100027,dev_103022
ip_100027,dev_103023
ip_100030,dev_101378
ip_100031,dev_102285
ip_100033,dev_101166
ip_100034,dev_101937
ip_100035,dev_101438
ip_100036,dev_103609
ip_100037,dev_103024
ip_100038,dev_103756
ip_100040,dev_101341
ip_100041,dev_101465
ip_100042,dev_100037
ip_100043,dev_100576
ip_100046,dev_100871
ip_100046,dev_100872
ip_100046,dev_100873
ip_100046,dev_100874
ip_100046,dev_100875
ip_100048,dev_100194
ip_100049,dev_100200
ip_100051,dev_103220
ip_100052,dev_100195
ip_100052,dev_100196
ip_100052,dev_103582
ip_100052,dev_103584
ip_100052,dev_103586
ip_100055,dev_103455
ip_100055,dev_103742
ip_100055,dev_103860
ip_100056,dev_102804
ip_100057,dev_101782
ip_100058,dev_101338
ip_100059,dev_100341
ip_100059,dev_100342
ip_100060,dev_100003
ip_100061,dev_100363
ip_100061,dev_100364
ip_100061,dev_100365
ip_100061,dev_100370
ip_100062,dev_101105
ip_100064,dev_102380
ip_100064,dev_102381
ip_100065,dev_101082
ip_100066,dev_101887
ip_100068,dev_102331
ip_100070,dev_102741
ip_100070,dev_102742
ip_100071,dev_102392
ip_100072,dev_100332
ip_100074,dev_101039
ip_100074,dev_101040
ip_100074,dev_101041
ip_100074,dev_101042
ip_100074,dev_101043
ip_100074,dev_101044
ip_100074,dev_101045
ip_100074,dev_101046
ip_100074,dev_101047
ip_100074,dev_101048
ip_100074,dev_101049
ip_100074,dev_101050
ip_100074,dev_101051
ip_100074,dev_101052
ip_100076,dev_101597
ip_100077,dev_101337
ip_100078,dev_102877
ip_100079,dev_102272
ip_100080,dev_101995
ip_100081,dev_103830
ip_100082,dev_100648
ip_100083,dev_103660
ip_100084,dev_100422
ip_100085,dev_101412
ip_100086,dev_102468
ip_100087,dev_101172
ip_100087,dev_102999
ip_100088,dev_101495
ip_100089,dev_101900
ip_100092,dev_101023
ip_100093,dev_102109
ip_100094,dev_101946
ip_100096,dev_103790
ip_100099,dev_100920
ip_100099,dev_100921
ip_100099,dev_100922
ip_100099,dev_100923
ip_100099,dev_100924
ip_100099,dev_100925
ip_100099,dev_100926
ip_100099,dev_100927
ip_100099,dev_100928
ip_100099,dev_100929
ip_100099,dev_100930
ip_100099,dev_100931
ip_100099,dev_100932
ip_100099,dev_100933
ip_100099,dev_100934
ip_100099,dev_100935
ip_100099,dev_100936
ip_100099,dev_100937
ip_100099,dev_100938
ip_100099,dev_100939
ip_100099,dev_100940
ip_100099,dev_100941
ip_100099,dev_100942
ip_100099,dev_100943
ip_100099,dev_100944
ip_100099,dev_100945
ip_100099,dev_100946
ip_100099,dev_100947
ip_100099,dev_100948
ip_100099,dev_100949
ip_100099,dev_100950
ip_100099,dev_100951
ip_100099,dev_100952
ip_100099,dev_100953
ip_100099,dev_100954
ip_100099,dev_100955
ip_100099,dev_100956
ip_100099,dev_100957
ip_100099,dev_100958
ip_100099,dev_100959
ip_100099,dev_100960
ip_100099,dev_100961
ip_100099,dev_100962
ip_100099,dev_100963
ip_100099,dev_100964
ip_100099,dev_100965
ip_100100,dev_102769
ip_100101,dev_103359
ip_100105,dev_100771
ip_100107,dev_102166
ip_100108,dev_100377
ip_100109,dev_100256
ip_100110,dev_101790
ip_100110,dev_101791
ip_100111,dev_102641
ip_100112,dev_101037
ip_100113,dev_100286
ip_100114,dev_101357
ip_100115,dev_101901
ip_100116,dev_102875
ip_100117,dev_103523
ip_100117,dev_103524
ip_100118,dev_102027
ip_100118,dev_102028
ip_100118,dev_102029
ip_100118,dev_102030
ip_100118,dev_102031
ip_100118,dev_102032
ip_100118,dev_102033
ip_100118,dev_102034
ip_100118,dev_102035
ip_100118,dev_102036
ip_100118,dev_102037
ip_100118,dev_102038
ip_100118,dev_102039
ip_100118,dev_102040
ip_100118,dev_102041
ip_100118,dev_102042
ip_100119,dev_100485
ip_100121,dev_100384
ip_100124,dev_102889
ip_100125,dev_101975
ip_100125,dev_102427
ip_100128,dev_103759
ip_100130,dev_103457
ip_100131,dev_100355
ip_100131,dev_100361
ip_100132,dev_101812
ip_100134,dev_100198
ip_100134,dev_100628
ip_100134,dev_100876
ip_100134,dev_101705
ip_100134,dev_102157
ip_100134,dev_102161
ip_100134,dev_102489
ip_100134,dev_102647
ip_100134,dev_103113
ip_100134,dev_103783
ip_100134,dev_103839
ip_100134,dev_103874
ip_100137,dev_100701
ip_100138,dev_102548
ip_100139,dev_100768
ip_100140,dev_103812
ip_100142,dev_101479
ip_100143,dev_101615
ip_100144,dev_100075
ip_100144,dev_100182
ip_100144,dev_100421
ip_100144,dev_101274
ip_100144,dev_102923
ip_100145,dev_103785
ip_100146,dev_103633
ip_100147,dev_102108
ip_100148,dev_103049
ip_100150,dev_101308
ip_100157,dev_101989
ip_100158,dev_101757
ip_100159,dev_100818
ip_100161,dev_100721
ip_100163,dev_101800
ip_100164,dev_102630
ip_100165,dev_102293
ip_100165,dev_102677
ip_100165,dev_103059
ip_100167,dev_100852
ip_100168,dev_101998
ip_100168,dev_103143
ip_100170,dev_100458
ip_100171,dev_103723
ip_100175,dev_101111
ip_100176,dev_103884
ip_100176,dev_103885
ip_100177,dev_103271
ip_100179,dev_101291
ip_100179,dev_102077
ip_100180,dev_103542
ip_100180,dev_103543
ip_100180,dev_103544
ip_100180,dev_103545
ip_100180,dev_103548
ip_100182,dev_101673
ip_100183,dev_100300
ip_100184,dev_101878
ip_100185,dev_102274
ip_100186,dev_100140
ip_100186,dev_102963
ip_100190,dev_101669
ip_100191,dev_102857
ip_100192,dev_101525
ip_100193,dev_100714
ip_100194,dev_103510
ip_100196,dev_100595
ip_100197,dev_102325
ip_100198,dev_103055
ip_100199,dev_101103
ip_100200,dev_100548
ip_100201,dev_102791
ip_100202,dev_100138
ip_100203,dev_102777
ip_100205,dev_102137
ip_100206,dev_103210
ip_100207,dev_102059
ip_100212,dev_100811
ip_100213,dev_102549
ip_100213,dev_102593
ip_100213,dev_102986
ip_100214,dev_100254
ip_100215,dev_102788
ip_100216,dev_102002
ip_100217,dev_102657
ip_100220,dev_103658
ip_100221,dev_101329
ip_100222,dev_100040
ip_100223,dev_102950
ip_100224,dev_102859
ip_100225,dev_102582
ip_100227,dev_100501
ip_100228,dev_103348
ip_100231,dev_103732
ip_100233,dev_103157
ip_100235,dev_102213
ip_100238,dev_103850
ip_100240,dev_102831
ip_100242,dev_100572
ip_100242,dev_103522
ip_100242,dev_103634
ip_100243,dev_103852
ip_100244,dev_100015
ip_100244,dev_103722
ip_100245,dev_102266
ip_100245,dev_102351
ip_100250,dev_102678
ip_100251,dev_100058
ip_100251,dev_100297
ip_100251,dev_100526
ip_100251,dev_100651
ip_100251,dev_101092
ip_100251,dev_101213
ip_100251,dev_101400
ip_100251,dev_102162
ip_100251,dev_102289
ip_100251,dev_102343
ip_100251,dev_102815
ip_100251,dev_102934
ip_100251,dev_103347
ip_100251,dev_103375
ip_100251,dev_103668
ip_100251,dev_103784
ip_100251,dev_103881
ip_100252,dev_102775
ip_100254,dev_101113
ip_100254,dev_101114
ip_100255,dev_103136
ip_100256,dev_100835
ip_100256,dev_102379
ip_100256,dev_103150
ip_100258,dev_101780
ip_100259,dev_102618
ip_100260,dev_103516
ip_100261,dev_101066
ip_100262,dev_100375
ip_100263,dev_101351
ip_100264,dev_101600
ip_100267,dev_100316
ip_100268,dev_103585
ip_100269,dev_101059
ip_100270,dev_100150
ip_100271,dev_102345
ip_100272,dev_102278
ip_100273,dev_100722
ip_100274,dev_101022
ip_100278,dev_103481
ip_100279,dev_102317
ip_100280,dev_100551
ip_100280,dev_101472
ip_100280,dev_103622
ip_100282,dev_101402
ip_100282,dev_101407
ip_100282,dev_102119
ip_100282,dev_103218
ip_100283,dev_102224
ip_100284,dev_103882
ip_100285,dev_100592
ip_100286,dev_102174
ip_100287,dev_103657
ip_100290,dev_102870
ip_100291,dev_102259
ip_100292,dev_100690
ip_100292,dev_103753
ip_100295,dev_101493
ip_100296,dev_101551
ip_100297,dev_100470
ip_100298,dev_103803
ip_100305,dev_103583
ip_100306,dev_101768
ip_100307,dev_101663
ip_100308,dev_101270
ip_100308,dev_101712
ip_100308,dev_101956
ip_100308,dev_102368
ip_100308,dev_102506
ip_100308,dev_102572
ip_100308,dev_103494
ip_100308,dev_103610
ip_100310,dev_103164
ip_100314,dev_101316
ip_100316,dev_101356
ip_100322,dev_100807
ip_100326,dev_101805
ip_100327,dev_100070
ip_100328,dev_101332
ip_100329,dev_101494
ip_100335,dev_103201
ip_100336,dev_101266
ip_100336,dev_101267
ip_100338,dev_100114
ip_100338,dev_100806
ip_100338,dev_103598
ip_100339,dev_102686
ip_100340,dev_103833
ip_100340,dev_103834
ip_100344,dev_101104
ip_100346,dev_103682
ip_100348,dev_100493
ip_100350,dev_102711
ip_100351,dev_101099
ip_100352,dev_103738
ip_100353,dev_100030
ip_100353,dev_100031
ip_100354,dev_103285
ip_100355,dev_103274
ip_100356,dev_100719
ip_100357,dev_103824
ip_100358,dev_102953
ip_100361,dev_102019
ip_100364,dev_102722
ip_100366,dev_100356
ip_100366,dev_100371
ip_100367,dev_101317
ip_100370,dev_100461
ip_100370,dev_101265
ip_100370,dev_101716
ip_100370,dev_102374
ip_100370,dev_103462
ip_100370,dev_103550
ip_100370,dev_103688
ip_100372,dev_101327
ip_100376,dev_103765
ip_100378,dev_103539
ip_100379,dev_102004
ip_100382,dev_102626
ip_100383,dev_103661
ip_100383,dev_103662
ip_100383,dev_103663
ip_100384,dev_103244
ip_100385,dev_102208
ip_100386,dev_102016
ip_100389,dev_103060
ip_100390,dev_101410
ip_100391,dev_103628
ip_100396,dev_100181
ip_100397,dev_102616
ip_100397,dev_103422
ip_100398,dev_102699
ip_100400,dev_100810
ip_100400,dev_100812
ip_100400,dev_100814
ip_100400,dev_100815
ip_100400,dev_100816
ip_100400,dev_100819
ip_100400,dev_100821
ip_100400,dev_100822
ip_100400,dev_100823
ip_100401,dev_100711
ip_100402,dev_100606
ip_100403,dev_100444
ip_100404,dev_103281
ip_100405,dev_100310
ip_100405,dev_100613
ip_100405,dev_100836
ip_100405,dev_101807
ip_100405,dev_101868
ip_100405,dev_101889
ip_100405,dev_101924
ip_100405,dev_102397
ip_100405,dev_102417
ip_100405,dev_103015
ip_100405,dev_103212
ip_100405,dev_103557
ip_100405,dev_103730
ip_100407,dev_101008
ip_100407,dev_101430
ip_100407,dev_102253
ip_100409,dev_101334
ip_100410,dev_100465
ip_100410,dev_100630
ip_100410,dev_101155
ip_100410,dev_101608
ip_100410,dev_101974
ip_100410,dev_101978
ip_100410,dev_102803
ip_100410,dev_102915
ip_100410,dev_103430
ip_100411,dev_102688
ip_100413,dev_100558
ip_100416,dev_101170
ip_100417,dev_101261
ip_100419,dev_100463
ip_100420,dev_102704
ip_100420,dev_102713
ip_100421,dev_102277
ip_100424,dev_101360
ip_100432,dev_102695
ip_100433,dev_103509
ip_100439,dev_101038
ip_100440,dev_100373
ip_100441,dev_101463
ip_100441,dev_101464
ip_100446,dev_100417
ip_100448,dev_101366
ip_100451,dev_102079
ip_100453,dev_103567
ip_100454,dev_102275
ip_100454,dev_102284
ip_100455,dev_103254
ip_100455,dev_103257
ip_100455,dev_103262
ip_100457,dev_101086
ip_100458,dev_103369
ip_100460,dev_101348
ip_100461,dev_102281
ip_100462,dev_102684
ip_100462,dev_102709
ip_100464,dev_101804
ip_100465,dev_101018
ip_100466,dev_103427
ip_100467,dev_101938
ip_100468,dev_100429
ip_100468,dev_100659
ip_100468,dev_100894
ip_100468,dev_100973
ip_100468,dev_101142
ip_100468,dev_101488
ip_100468,dev_101881
ip_100468,dev_101906
ip_100468,dev_102601
ip_100468,dev_103141
ip_100468,dev_103774
ip_100469,dev_100352
ip_100470,dev_101700
ip_100471,dev_103368
ip_100473,dev_101016
ip_100474,dev_102341
ip_100476,dev_101058
ip_100477,dev_101359
ip_100479,dev_100262
ip_100479,dev_101609
ip_100479,dev_103490
ip_100480,dev_100826
ip_100482,dev_100013
ip_100483,dev_100233
ip_100484,dev_101999
ip_100486,dev_102702
ip_100487,dev_103042
ip_100488,dev_103596
ip_100489,dev_100206
ip_100489,dev_100865
ip_100490,dev_102287
ip_100491,dev_101355
ip_100492,dev_100006
ip_100493,dev_100870
ip_100494,dev_100199
ip_100494,dev_102385
ip_100497,dev_100249
ip_100497,dev_100284
ip_100497,dev_100285
ip_100497,dev_100301
ip_100497,dev_100617
ip_100497,dev_100863
ip_100497,dev_100880
ip_100497,dev_101148
ip_100497,dev_101581
ip_100497,dev_101939
ip_100497,dev_101992
ip_100497,dev_102399
ip_100497,dev_102600
ip_100497,dev_102628
ip_100497,dev_102739
ip_100497,dev_103168
ip_100497,dev_103456
ip_100498,dev_101343
ip_100499,dev_103718
ip_100501,dev_103760
ip_100502,dev_103251
ip_100502,dev_103256
ip_100502,dev_103258
ip_100502,dev_103260
ip_100502,dev_103263
ip_100502,dev_103267
ip_100502,dev_103268
ip_100502,dev_103269
ip_100502,dev_103273
ip_100502,dev_103278
ip_100502,dev_103280
ip_100505,dev_103555
ip_100507,dev_102730
ip_100510,dev_101217
ip_100511,dev_103737
ip_100512,dev_100878
ip_100514,dev_102178
ip_100515,dev_101534
ip_100517,dev_101021
ip_100521,dev_102717
ip_100523,dev_101272
ip_100525,dev_100351
ip_100526,dev_101423
ip_100527,dev_102869
ip_100528,dev_102319
ip_100529,dev_103486
ip_100530,dev_101969
ip_100531,dev_102954
ip_100534,dev_102707
ip_100534,dev_102719
ip_100536,dev_100049
ip_100536,dev_100051
ip_100537,dev_100591
ip_100538,dev_103083
ip_100540,dev_103265
ip_100540,dev_103266
ip_100540,dev_103270
ip_100540,dev_103277
ip_100540,dev_103279
ip_100540,dev_103282
ip_100540,dev_103283
ip_100542,dev_100668
ip_100543,dev_102409
ip_100544,dev_103716
ip_100546,dev_102731
ip_100548,dev_102280
ip_100549,dev_102534
ip_100552,dev_100335
ip_100552,dev_100504
ip_100552,dev_101753
ip_100555,dev_102696
ip_100555,dev_102705
ip_100556,dev_100050
ip_100558,dev_102273
ip_100559,dev_100853
ip_100561,dev_103224
ip_100566,dev_101432
ip_100567,dev_101624
ip_100572,dev_102904
ip_100573,dev_102727
ip_100574,dev_100663
ip_100576,dev_101328
ip_100577,dev_100846
ip_100581,dev_102634
ip_100583,dev_102692
ip_100583,dev_102734
ip_100586,dev_101109
ip_100588,dev_102288
ip_100589,dev_102239
ip_100589,dev_102260
ip_100590,dev_102598
ip_100593,dev_102884
ip_100594,dev_100538
ip_100598,dev_101358
ip_100599,dev_103190
ip_100602,dev_101725
ip_100603,dev_103687
ip_100604,dev_103683
ip_100605,dev_100776
ip_100606,dev_102683
ip_100607,dev_102429
ip_100608,dev_103259
ip_100610,dev_100002
ip_100610,dev_100525
ip_100610,dev_102935
ip_100610,dev_103831
ip_100611,dev_102337
ip_100614,dev_102710
ip_100615,dev_101336
ip_100618,dev_102637
ip_100624,dev_102306
ip_100625,dev_103690
ip_100627,dev_102736
ip_100628,dev_101977
ip_100629,dev_102200
ip_100629,dev_102625
ip_100631,dev_102977
ip_100636,dev_102729
ip_100636,dev_102737
ip_100637,dev_101750
ip_100638,dev_103707
ip_100639,dev_102194
ip_100641,dev_101718
ip_100642,dev_102212
ip_100643,dev_100662
ip_100644,dev_100366
ip_100646,dev_100757
ip_100647,dev_101346
ip_100648,dev_101860
ip_100649,dev_100879
ip_100650,dev_102714
ip_100651,dev_103883
ip_100652,dev_102236
ip_100653,dev_101959
ip_100654,dev_101349
ip_100656,dev_102882
ip_100657,dev_102633
ip_100658,dev_103418
ip_100661,dev_102292
ip_100662,dev_103506
ip_100663,dev_102599
ip_100664,dev_102584
ip_100666,dev_100569
ip_100667,dev_100967
ip_100668,dev_102693
ip_100668,dev_102716
ip_100672,dev_102682
ip_100672,dev_102715
ip_100672,dev_102723
ip_100672,dev_102724
ip_100673,dev_100718
ip_100676,dev_103236
ip_100677,dev_102694
ip_100677,dev_102728
ip_100677,dev_102735
ip_100678,dev_101931
ip_100683,dev_102732
ip_100687,dev_100549
ip_100688,dev_103046
ip_100690,dev_101096
ip_100690,dev_101097
ip_100693,dev_100001
ip_100695,dev_103797
ip_100696,dev_100574
ip_100697,dev_100053
ip_100699,dev_101436
ip_100699,dev_102372
ip_100700,dev_102470
ip_100701,dev_102940
ip_100701,dev_102941
ip_100703,dev_101552
ip_100703,dev_101875
ip_100703,dev_102579
ip_100703,dev_103674
ip_100704,dev_102045
ip_100705,dev_101622
ip_100706,dev_102939
ip_100707,dev_100515
ip_100710,dev_100550
ip_100711,dev_100487
ip_100711,dev_102156
ip_100712,dev_102951
ip_100714,dev_100970
ip_100714,dev_102985
ip_100715,dev_102685
ip_100718,dev_102681
ip_100720,dev_100224
ip_100722,dev_103547
ip_100723,dev_102691
ip_100724,dev_103480
ip_100725,dev_103310
ip_100726,dev_100245
ip_100727,dev_101365
ip_100727,dev_103711
ip_100728,dev_100505
ip_100729,dev_101449
ip_100733,dev_100354
ip_100733,dev_100359
ip_100733,dev_100367
ip_100734,dev_101883
ip_100739,dev_100568
ip_100741,dev_100642
ip_100743,dev_101507
ip_100747,dev_102706
ip_100749,dev_102544
ip_100750,dev_101431
ip_100752,dev_100503
ip_100753,dev_100380
ip_100754,dev_102478
ip_100755,dev_100772
ip_100756,dev_100137
ip_100759,dev_103118
ip_100761,dev_102473
ip_100763,dev_101380
ip_100764,dev_101831
ip_100765,dev_101171
ip_100766,dev_102568
ip_100771,dev_102910
ip_100772,dev_102515
ip_100772,dev_102516
ip_100773,dev_103458
ip_100774,dev_100820
ip_100777,dev_101823
ip_100780,dev_102578
ip_100781,dev_102640
ip_100783,dev_103728
ip_100784,dev_100532
ip_100786,dev_102689
ip_100789,dev_102456
ip_100789,dev_103366
ip_100790,dev_103630
ip_100792,dev_102979
ip_100794,dev_103502
ip_100799,dev_103514
ip_100800,dev_101783
ip_100804,dev_101447
ip_100805,dev_100495
ip_100814,dev_101756
ip_100816,dev_103484
ip_100817,dev_103563
ip_100818,dev_102776
ip_100819,dev_100966
ip_100820,dev_100991
ip_100820,dev_100992
ip_100820,dev_100993
ip_100830,dev_102750
ip_100832,dev_102286
ip_100837,dev_102701
ip_100838,dev_103198
ip_100840,dev_101107
ip_100847,dev_102063
ip_100849,dev_100616
ip_100850,dev_101509
ip_100850,dev_101627
ip_100850,dev_102892
ip_100852,dev_101214
ip_100855,dev_100646
ip_100859,dev_102747
ip_100860,dev_101403
ip_100862,dev_101645
ip_100865,dev_102404
ip_100866,dev_102754
ip_100868,dev_100212
ip_100870,dev_100524
ip_100870,dev_102562
ip_100870,dev_103556
ip_100871,dev_100357
ip_100873,dev_100899
ip_100878,dev_102545
ip_100879,dev_102690
ip_100881,dev_103538
ip_100882,dev_101151
ip_100883,dev_102214
ip_100885,dev_103378
ip_100886,dev_103880
ip_100889,dev_100624
ip_100895,dev_101347
ip_100897,dev_102748
ip_100898,dev_103425
ip_100900,dev_102611
ip_100900,dev_103171
ip_100901,dev_100336
ip_100904,dev_102254
ip_100905,dev_102976
ip_100906,dev_100188
ip_100907,dev_100362
ip_100908,dev_101475
ip_100909,dev_100566
ip_100913,dev_100296
ip_100913,dev_100553
ip_100913,dev_101074
ip_100913,dev_102006
ip_100913,dev_102400
ip_100913,dev_102878
ip_100914,dev_103367
ip_100914,dev_103519
ip_100915,dev_102015
ip_100916,dev_103337
ip_100921,dev_101002
ip_100922,dev_100778
ip_100923,dev_100376
ip_100924,dev_103564
ip_100925,dev_102913
ip_100926,dev_103731
ip_100927,dev_102104
ip_100930,dev_101533
ip_100932,dev_103211
ip_100933,dev_100353
ip_100934,dev_101870
ip_100936,dev_101339
ip_100938,dev_103140
ip_100940,dev_100228
ip_100941,dev_101713
ip_100943,dev_100229
ip_100946,dev_102874
ip_100947,dev_100614
ip_100948,dev_101886
ip_100951,dev_100975
ip_100953,dev_103064
ip_100954,dev_101306
ip_100956,dev_100131
ip_100956,dev_103570
ip_100958,dev_102133
ip_100961,dev_100289
ip_100964,dev_102494
ip_100965,dev_103531
ip_100966,dev_102569
ip_100970,dev_102721
ip_100972,dev_100825
ip_100974,dev_103349
ip_100977,dev_101352
ip_100979,dev_102003
ip_100980,dev_102283
ip_100981,dev_101344
ip_100983,dev_102339
ip_100984,dev_103719
ip_100991,dev_101354
ip_100993,dev_102472
ip_100994,dev_102871
ip_100995,dev_100808
ip_100996,dev_102235
ip_100997,dev_100573
ip_100999,dev_102660
ip_101001,dev_100608
ip_101004,dev_101248
ip_101004,dev_103112
ip_101008,dev_101102
ip_101008,dev_101394
ip_101008,dev_103148
ip_101008,dev_103836
ip_101010,dev_103644
ip_101012,dev_103360
ip_101013,dev_101331
ip_101016,dev_102644
ip_101017,dev_102060
ip_101018,dev_100226
ip_101018,dev_103453
ip_101019,dev_100298
ip_101020,dev_103192
ip_101023,dev_103361
ip_101024,dev_102697
ip_101027,dev_103423
ip_101028,dev_103781
ip_101029,dev_103217
ip_101030,dev_101034
ip_101031,dev_103090
ip_101031,dev_103091
ip_101031,dev_103092
ip_101032,dev_100350
ip_101032,dev_100368
ip_101037,dev_102755
ip_101038,dev_103573
ip_101039,dev_100681
ip_101039,dev_101123
ip_101039,dev_101124
ip_101039,dev_103035
ip_101040,dev_103672
ip_101041,dev_102049
ip_101042,dev_102127
ip_101043,dev_102386
ip_101044,dev_103221
ip_101045,dev_102900
ip_101048,dev_100813
ip_101049,dev_103604
ip_101050,dev_101765
ip_101051,dev_101594
ip_101055,dev_101896
ip_101057,dev_101927
ip_101059,dev_101960
ip_101060,dev_103537
ip_101065,dev_101115
ip_101067,dev_102169
ip_101070,dev_102862
ip_101071,dev_103693
ip_101076,dev_103656
ip_101077,dev_100817
ip_101078,dev_100469
ip_101078,dev_103465
ip_101082,dev_101793
ip_101085,dev_102383
ip_101086,dev_100028
ip_101087,dev_102883
ip_101090,dev_102928
ip_101091,dev_100704
ip_101091,dev_101728
ip_101091,dev_102798
ip_101093,dev_100761
ip_101095,dev_100523
ip_101096,dev_100726
ip_101098,dev_103165
ip_101102,dev_103451
ip_101103,dev_100104
ip_101104,dev_103293
ip_101104,dev_103294
ip_101105,dev_100043
ip_101105,dev_100971
ip_101105,dev_100972
ip_101105,dev_101100
ip_101106,dev_100110
ip_101109,dev_102802
ip_101110,dev_102117
ip_101113,dev_103197
ip_101118,dev_103851
ip_101120,dev_102972
ip_101121,dev_103551
ip_101123,dev_103602
ip_101123,dev_103603
ip_101124,dev_103782
ip_101125,dev_103696
ip_101126,dev_100752
ip_101130,dev_103713
ip_101131,dev_103647
ip_101132,dev_100183
ip_101133,dev_102154
ip_101134,dev_100824
ip_101137,dev_100537
ip_101139,dev_101988
ip_101142,dev_100180
ip_101143,dev_103387
ip_101145,dev_100636
ip_101146,dev_103866
ip_101147,dev_100348
ip_101148,dev_102526
ip_101148,dev_102527
ip_101148,dev_102528
ip_101150,dev_101118
ip_101152,dev_102233
ip_101154,dev_100398
ip_101155,dev_100428
ip_101156,dev_101254
ip_101158,dev_102492
ip_101159,dev_100069
ip_101159,dev_100216
ip_101160,dev_103764
ip_101162,dev_101686
ip_101164,dev_101210
ip_101167,dev_103473
ip_101168,dev_100358
ip_101169,dev_102591
ip_101170,dev_103426
ip_101171,dev_100639
ip_101171,dev_101224
ip_101175,dev_103528
ip_101176,dev_102749
ip_101179,dev_101691
ip_101180,dev_103577
ip_101182,dev_101305
ip_101184,dev_100575
ip_101186,dev_100678
ip_101187,dev_103789
ip_101188,dev_103037
ip_101193,dev_102394
ip_101194,dev_103736
ip_101195,dev_101137
ip_101197,dev_101249
ip_101200,dev_102725
ip_101202,dev_102614
ip_101202,dev_103006
ip_101203,dev_101872
ip_101205,dev_100087
ip_101205,dev_103058
ip_101206,dev_101477
ip_101207,dev_102255
ip_101208,dev_103449
ip_101209,dev_102680
ip_101211,dev_100600
ip_101212,dev_101930
ip_101213,dev_102217
ip_101215,dev_101650
ip_101218,dev_102246
ip_101219,dev_100027
ip_101220,dev_101020
ip_101221,dev_102282
ip_101223,dev_101942
ip_101225,dev_100462
ip_101227,dev_102401
ip_101233,dev_100273
ip_101235,dev_100882
ip_101237,dev_103111
ip_101242,dev_103155
ip_101243,dev_100978
ip_101244,dev_101591
ip_101245,dev_103139
ip_101247,dev_100134
ip_101248,dev_101955
ip_101251,dev_102703
ip_101253,dev_100072
ip_101254,dev_101363
ip_101255,dev_100313
ip_101255,dev_101742
ip_101257,dev_100795
ip_101258,dev_102164
ip_101259,dev_103639
ip_101261,dev_102830
ip_101262,dev_102430
ip_101263,dev_100315
ip_101264,dev_100809
ip_101264,dev_101940
ip_101264,dev_103499
ip_101265,dev_100489
ip_101266,dev_103070
ip_101269,dev_100677
ip_101270,dev_102726
ip_101272,dev_103709
ip_101274,dev_101910
ip_101275,dev_103479
ip_101277,dev_101312
ip_101281,dev_101108
ip_101282,dev_101769
ip_101283,dev_101135
ip_101285,dev_102720
ip_101286,dev_103144
ip_101287,dev_100767
ip_101288,dev_101405
ip_101288,dev_102898
ip_101289,dev_101404
ip_101293,dev_103632
ip_101297,dev_101726
ip_101299,dev_100219
ip_101302,dev_102668
ip_101305,dev_102209
ip_101306,dev_103036
ip_101307,dev_102610
ip_101313,dev_103334
ip_101315,dev_101257
ip_101316,dev_102718
ip_101317,dev_101278
ip_101318,dev_100293
ip_101319,dev_103496
ip_101320,dev_101647
ip_101321,dev_101219
ip_101322,dev_103011
ip_101322,dev_103012
ip_101323,dev_101703
ip_101324,dev_100041
ip_101325,dev_102743
ip_101327,dev_101798
ip_101334,dev_102795
ip_101336,dev_102458
ip_101337,dev_101538
ip_101339,dev_101106
ip_101340,dev_100324
ip_101342,dev_101330
ip_101344,dev_102952
ip_101345,dev_103488
ip_101349,dev_101381
ip_101351,dev_101618
ip_101354,dev_102698
ip_101356,dev_100073
ip_101358,dev_100382
ip_101360,dev_100266
ip_101361,dev_103231
ip_101362,dev_100302
ip_101363,dev_102949
ip_101364,dev_103326
ip_101365,dev_103230
ip_101366,dev_102446
ip_101367,dev_103004
ip_101368,dev_100829
ip_101369,dev_100675
ip_101370,dev_102387
ip_101370,dev_102388
ip_101370,dev_102389
ip_101370,dev_102390
ip_101371,dev_102199
ip_101372,dev_102903
ip_101373,dev_101379
ip_101374,dev_103648
ip_101375,dev_103346
ip_101376,dev_103469
ip_101377,dev_100287
ip_101378,dev_103594
ip_101379,dev_101387
ip_101380,dev_102801
ip_101381,dev_103792
ip_101382,dev_101208
ip_101383,dev_100472
ip_101384,dev_103013
ip_101385,dev_103793
ip_101386,dev_101708
ip_101387,dev_101255
ip_101388,dev_103032
ip_101389,dev_101709
ip_101390,dev_101063
ip_101391,dev_100982
ip_101392,dev_102055
ip_101393,dev_103002
ip_101394,dev_102477
ip_101395,dev_102265
ip_101396,dev_101442
ip_101397,dev_102435
ip_101398,dev_102428
ip_101399,dev_101529
ip_101399,dev_101633
ip_101400,dev_103664
ip_101401,dev_102632
ip_101402,dev_100907
ip_101403,dev_100904
ip_101404,dev_102587
ip_101405,dev_103813
ip_101406,dev_101853
ip_101407,dev_100725
ip_101408,dev_102001
ip_101409,dev_100474
ip_101410,dev_102070
ip_101413,dev_103133
ip_101414,dev_102957
ip_101415,dev_102771
ip_101416,dev_100314
ip_101417,dev_100990
ip_101418,dev_101301
ip_101419,dev_103686
ip_101420,dev_103454
ip_101421,dev_102912
ip_101422,dev_100411
ip_101423,dev_101685
ip_101424,dev_100346
ip_101425,dev_103437
ip_101426,dev_100983
ip_101428,dev_102822
ip_101429,dev_103825
ip_101430,dev_100900
ip_101430,dev_100901
ip_101430,dev_100903
ip_101430,dev_100905
ip_101430,dev_100906
ip_101431,dev_100065
ip_101432,dev_102521
ip_101432,dev_102522
ip_101433,dev_101531
ip_101434,dev_102896
ip_101436,dev_103226
ip_101436,dev_103227
ip_101436,dev_103228
ip_101436,dev_103229
ip_101436,dev_103232
ip_101436,dev_103233
ip_101436,dev_103234
ip_101437,dev_101417
ip_101438,dev_100400
ip_101439,dev_101489
ip_101440,dev_102655
ip_101441,dev_100989
ip_101443,dev_100689
ip_101444,dev_102901
ip_101445,dev_100433
ip_101446,dev_102481
ip_101447,dev_101175
ip_101447,dev_101176
ip_101447,dev_101177
ip_101447,dev_101179
ip_101447,dev_101180
ip_101447,dev_101181
ip_101447,dev_101182
ip_101447,dev_101183
ip_101448,dev_101566
ip_101449,dev_100257
ip_101450,dev_102552
ip_101451,dev_100604
ip_101452,dev_102464
ip_101453,dev_103777
ip_101454,dev_100447
ip_101456,dev_101386
ip_101457,dev_103327
ip_101458,dev_103540
ip_101459,dev_101246
ip_101460,dev_100142
ip_101462,dev_100241
ip_101463,dev_101641
ip_101463,dev_103558
ip_101463,dev_103704
ip_101463,dev_103705
ip_101465,dev_101385
ip_101467,dev_101848
ip_101467,dev_101849
ip_101467,dev_101850
ip_101467,dev_101851
ip_101467,dev_101854
ip_101468,dev_100833
ip_101469,dev_100078
ip_101470,dev_103593
ip_101471,dev_100116
ip_101472,dev_100491
ip_101473,dev_102434
ip_101477,dev_102759
ip_101478,dev_102590
ip_101479,dev_103175
ip_101479,dev_103176
ip_101481,dev_100056
ip_101482,dev_101562
ip_101482,dev_101563
ip_101482,dev_102902
ip_101483,dev_101128
ip_101484,dev_101761
ip_101485,dev_100649
ip_101487,dev_102577
ip_101488,dev_102517
ip_101489,dev_101862
ip_101490,dev_102163
ip_101491,dev_102459
ip_101492,dev_101454
ip_101493,dev_101146
ip_101494,dev_101880
ip_101495,dev_102667
ip_101496,dev_100215
ip_101497,dev_101119
ip_101498,dev_101619
ip_101499,dev_101069
ip_101503,dev_103811
ip_101506,dev_100401
ip_101507,dev_101970
ip_101509,dev_103483
ip_101510,dev_100844
ip_101512,dev_102043
ip_101513,dev_100408
ip_101515,dev_101061
ip_101516,dev_102964
ip_101517,dev_101345
ip_101518,dev_101824
ip_101519,dev_102346
ip_101521,dev_102631
ip_101522,dev_102785
ip_101524,dev_100513
ip_101525,dev_100728
ip_101526,dev_101822
ip_101527,dev_103669
ip_101528,dev_101186
ip_101529,dev_100399
ip_101530,dev_102378
ip_101531,dev_100246
ip_101532,dev_101333
ip_101534,dev_103388
ip_101536,dev_103780
ip_101537,dev_102261
ip_101538,dev_103611
ip_101539,dev_101710
ip_101540,dev_103205
ip_101541,dev_101083
ip_101542,dev_102352
ip_101543,dev_100238
ip_101544,dev_101161
ip_101545,dev_101126
ip_101546,dev_100416
ip_101547,dev_101802
ip_101548,dev_102615
ip_101550,dev_101842
ip_101550,dev_101843
ip_101550,dev_101844
ip_101550,dev_101845
ip_101550,dev_101846
ip_101550,dev_101852
ip_101550,dev_101855
ip_101550,dev_101856
ip_101551,dev_103829
ip_101552,dev_101632
ip_101553,dev_101914
ip_101554,dev_100064
ip_101555,dev_101268
ip_101556,dev_103431
ip_101557,dev_103261
ip_101558,dev_100023
ip_101559,dev_102627
ip_101562,dev_101252
ip_101563,dev_100415
ip_101564,dev_102700
ip_101565,dev_103495
ip_101566,dev_102076
ip_101567,dev_101839
ip_101568,dev_101629
ip_101569,dev_100536
ip_101571,dev_101353
ip_101572,dev_101084
ip_101572,dev_101085
ip_101573,dev_102784
ip_101574,dev_100502
ip_101576,dev_100868
ip_101577,dev_101322
ip_101578,dev_101223
ip_101579,dev_101070
ip_101580,dev_100559
ip_101581,dev_101010
ip_101581,dev_101011
ip_101582,dev_103800
ip_101583,dev_101665
ip_101584,dev_102708
ip_101585,dev_100267
ip_101587,dev_101684
ip_101588,dev_102240
ip_101589,dev_101547
ip_101590,dev_101450
ip_101591,dev_101437
ip_101592,dev_101149
ip_101593,dev_101595
ip_101596,dev_101932
ip_101597,dev_101251
ip_101598,dev_101897
ip_101599,dev_100861
ip_101600,dev_103159
ip_101601,dev_100842
ip_101602,dev_102419
ip_101602,dev_102420
ip_101603,dev_101452
ip_101604,dev_102666
ip_101607,dev_101065
ip_101607,dev_101835
ip_101608,dev_102597
ip_101609,dev_100106
ip_101610,dev_102021
ip_101611,dev_100426
ip_101612,dev_102206
ip_101613,dev_103421
ip_101614,dev_100055
ip_101615,dev_103186
ip_101616,dev_100476
ip_101617,dev_100039
ip_101618,dev_103108
ip_101619,dev_101289
ip_101620,dev_100707
ip_101621,dev_101130
ip_101623,dev_101626
ip_101624,dev_100758
ip_101625,dev_103350
ip_101626,dev_101241
ip_101627,dev_101127
ip_101628,dev_100311
ip_101629,dev_103429
ip_101630,dev_101983
ip_101631,dev_100276
ip_101633,dev_102813
ip_101634,dev_103559
ip_101636,dev_101131
ip_101637,dev_103173
ip_101639,dev_101981
ip_101640,dev_101830
ip_101641,dev_102551
ip_101643,dev_102267
ip_101644,dev_100271
ip_101645,dev_101444
ip_101648,dev_101441
ip_101649,dev_101362
ip_101650,dev_103588
ip_101651,dev_101530
ip_101653,dev_101526
ip_101654,dev_102567
ip_101656,dev_103646
ip_101657,dev_103291
ip_101658,dev_102025
ip_101660,dev_101015
ip_101661,dev_101443
ip_101662,dev_101777
ip_101663,dev_102153
ip_101664,dev_101227
ip_101666,dev_102767
ip_101668,dev_101158
ip_101669,dev_103381
ip_101671,dev_101232
ip_101676,dev_101519
ip_101678,dev_103299
ip_101679,dev_101009
ip_101681,dev_102518
ip_101682,dev_103560
ip_101683,dev_101841
ip_101683,dev_101847
ip_101683,dev_101857
ip_101684,dev_103252
ip_101684,dev_103253
ip_101684,dev_103255
ip_101684,dev_103264
ip_101684,dev_103272
ip_101684,dev_103275
ip_101685,dev_100840
ip_101686,dev_101961
ip_101687,dev_101536
ip_101690,dev_103057
ip_101691,dev_103445
ip_101692,dev_101239
ip_101693,dev_103096
ip_101694,dev_102416
ip_101695,dev_100626
ip_101696,dev_101888
ip_101698,dev_100602
ip_101699,dev_101681
ip_101699,dev_101682
ip_101700,dev_101912
ip_101700,dev_101913
ip_101701,dev_102849
ip_101701,dev_102850
ip_101702,dev_101231
ip_101703,dev_100847
ip_101703,dev_100890
ip_101704,dev_103209
ip_101705,dev_102933
ip_101706,dev_102673
ip_101709,dev_100225
ip_101712,dev_102207
ip_101713,dev_100888
ip_101714,dev_102251
ip_101715,dev_102789
ip_101716,dev_102121
ip_101716,dev_102123
ip_101716,dev_102124
ip_101716,dev_102125
ip_101717,dev_101473
ip_101718,dev_100260
ip_101722,dev_103182
ip_101723,dev_100410
ip_101724,dev_101456
ip_101725,dev_103301
ip_101726,dev_103655
ip_101729,dev_101625
ip_101730,dev_103816
ip_101731,dev_100851
ip_101733,dev_100514
ip_101734,dev_100744
ip_101735,dev_100745
ip_101735,dev_100746
ip_101736,dev_101315
ip_101737,dev_101527
ip_101738,dev_100657
ip_101739,dev_102413
ip_101740,dev_102391
ip_101742,dev_100699
ip_101744,dev_100895
ip_101746,dev_102482
ip_101748,dev_101771
ip_101749,dev_101776
ip_101751,dev_101773
ip_101753,dev_101778
ip_101754,dev_101775
ip_101755,dev_101690
ip_101756,dev_101779
ip_101757,dev_101772
ip_101758,dev_100105
ip_101759,dev_101774
ip_101760,dev_101829
ip_101761,dev_101503
ip_101763,dev_101833
ip_101764,dev_103170
ip_101767,dev_102653
ip_101771,dev_100554
ip_101772,dev_101834
ip_101775,dev_101570
ip_101775,dev_101572
ip_101776,dev_100625
ip_101777,dev_103887
ip_101779,dev_102679
ip_101780,dev_101916
ip_101782,dev_102504
ip_101783,dev_100478
ip_101783,dev_100481
ip_101786,dev_100231
ip_101787,dev_102407
ip_101788,dev_100828
ip_101789,dev_103393
ip_101790,dev_101032
ip_101791,dev_102193
ip_101792,dev_101476
ip_101793,dev_103747
ip_101794,dev_101390
ip_101795,dev_100248
ip_101796,dev_102818
ip_101797,dev_103613
ip_101798,dev_100227
ip_101799,dev_103746
ip_101801,dev_100432
ip_101802,dev_103623
ip_101803,dev_100449
ip_101804,dev_102195
ip_101805,dev_103739
ip_101806,dev_103504
ip_101807,dev_103770
ip_101808,dev_100570
ip_101810,dev_100201
ip_101811,dev_100655
ip_101812,dev_100323
ip_101813,dev_103859
ip_101814,dev_100189
ip_101814,dev_103862
ip_101815,dev_103867
ip_101816,dev_103131
ip_101818,dev_100518
ip_101824,dev_100412
ip_101825,dev_100561
ip_101826,dev_102649
ip_101827,dev_103534
ip_101829,dev_102185
ip_101830,dev_100029
ip_101831,dev_102405
ip_101832,dev_101893
ip_101833,dev_102220
ip_101834,dev_101508
ip_101835,dev_101233
ip_101836,dev_101674
ip_101837,dev_100547
ip_101839,dev_103752
ip_101842,dev_101954
ip_101844,dev_103315
ip_101848,dev_103052
ip_101849,dev_102422
ip_101850,dev_101421
ip_101851,dev_100755
ip_101852,dev_102770
ip_101856,dev_103246
ip_101857,dev_101655
ip_101858,dev_100309
ip_101859,dev_103130
ip_101860,dev_100560
ip_101861,dev_102609
ip_101862,dev_102204
ip_101863,dev_101569
ip_101867,dev_101869
ip_101868,dev_101197
ip_101869,dev_102318
ip_101871,dev_100577
ip_101872,dev_101590
ip_101874,dev_102131
ip_101875,dev_103549
ip_101876,dev_101521
ip_101877,dev_100654
ip_101879,dev_103675
ip_101880,dev_103677
ip_101880,dev_103678
ip_101882,dev_100112
ip_101887,dev_100202
ip_101888,dev_102488
ip_101889,dev_100203
ip_101890,dev_101986
ip_101892,dev_100656
ip_101893,dev_100048
ip_101894,dev_100653
ip_101895,dev_102176
ip_101896,dev_101007
ip_101897,dev_103135
ip_101898,dev_101303
ip_101899,dev_102643
ip_101900,dev_101304
ip_101902,dev_103072
ip_101903,dev_100902
ip_101904,dev_101311
ip_101906,dev_100443
ip_101907,dev_101457
ip_101908,dev_103679
ip_101909,dev_100770
ip_101912,dev_100084
ip_101913,dev_101209
ip_101915,dev_103552
ip_101916,dev_101652
ip_101917,dev_101518
ip_101919,dev_102996
ip_101920,dev_102799
ip_101922,dev_101299
ip_101923,dev_101758
ip_101925,dev_103162
ip_101929,dev_101373
ip_101930,dev_101296
ip_101931,dev_103145
ip_101937,dev_100838
ip_101938,dev_102868
ip_101939,dev_100691
ip_101940,dev_103670
ip_101942,dev_101110
ip_101944,dev_101445
ip_101945,dev_100385
ip_101947,dev_101152
ip_101949,dev_102348
ip_101950,dev_103607
ip_101951,dev_103428
ip_101952,dev_102256
ip_101953,dev_102461
ip_101955,dev_103772
ip_101955,dev_103773
ip_101956,dev_103515
ip_101960,dev_103890
ip_101962,dev_101928
ip_101963,dev_100263
ip_101965,dev_103243
ip_101966,dev_101683
ip_101967,dev_102557
ip_101967,dev_102558
ip_101968,dev_101646
ip_101969,dev_101861
ip_101970,dev_100077
ip_101972,dev_103595
ip_101975,dev_100969
ip_101976,dev_100724
ip_101977,dev_102764
ip_101978,dev_101610
ip_101979,dev_103439
ip_101983,dev_102136
ip_101984,dev_101865
ip_101985,dev_103041
ip_101986,dev_102651
ip_101987,dev_100599
ip_101989,dev_102753
ip_101990,dev_101398
ip_101991,dev_103235
ip_101992,dev_103691
ip_101994,dev_101732
ip_101995,dev_100255
ip_101996,dev_101133
ip_101997,dev_103676
ip_101998,dev_102744
ip_101999,dev_102885
ip_102001,dev_103849
ip_102002,dev_103008
ip_102005,dev_103714
ip_102006,dev_102263
ip_102007,dev_101428
ip_102007,dev_102513
ip_102008,dev_102554
ip_102010,dev_101089
ip_102011,dev_103053
ip_102013,dev_100545
ip_102013,dev_103048
ip_102013,dev_103344
ip_102014,dev_101190
ip_102015,dev_100886
ip_102016,dev_102865
ip_102017,dev_102184
ip_102019,dev_103078
ip_102020,dev_100998
ip_102020,dev_100999
ip_102021,dev_100586
ip_102022,dev_102652
ip_102023,dev_103389
ip_102024,dev_100705
ip_102025,dev_102168
ip_102026,dev_101153
ip_102034,dev_100910
ip_102036,dev_103685
ip_102037,dev_103033
ip_102039,dev_101198
ip_102039,dev_101200
ip_102040,dev_100414
ip_102041,dev_101035
ip_102044,dev_102768
ip_102047,dev_100475
ip_102049,dev_100409
ip_102050,dev_102806
ip_102051,dev_100640
ip_102052,dev_100000
ip_102054,dev_102361
ip_102054,dev_102362
ip_102054,dev_102363
ip_102060,dev_102192
ip_102061,dev_100884
ip_102061,dev_100885
ip_102066,dev_100533
ip_102068,dev_102805
ip_102070,dev_102663
ip_102071,dev_102893
ip_102072,dev_100762
ip_102074,dev_101515
ip_102075,dev_102013
ip_102076,dev_103385
ip_102076,dev_103386
ip_102079,dev_100052
ip_102081,dev_100392
ip_102082,dev_102824
ip_102083,dev_100911
ip_102083,dev_100913
ip_102083,dev_100915
ip_102083,dev_100916
ip_102083,dev_100917
ip_102084,dev_101873
ip_102085,dev_103402
ip_102086,dev_102150
ip_102087,dev_102658
ip_102088,dev_101006
ip_102089,dev_103419
ip_102090,dev_100897
ip_102094,dev_102827
ip_102095,dev_101406
ip_102096,dev_103635
ip_102097,dev_102080
ip_102098,dev_102369
ip_102099,dev_101660
ip_102100,dev_102469
ip_102102,dev_101199
ip_102104,dev_101506
ip_102105,dev_103717
ip_102107,dev_101838
ip_102109,dev_101342
ip_102110,dev_102765
ip_102111,dev_102505
ip_102112,dev_101739
ip_102113,dev_101574
ip_102115,dev_103767
ip_102116,dev_101116
ip_102117,dev_102899
ip_102118,dev_102496
ip_102120,dev_101516
ip_102121,dev_103320
ip_102122,dev_101250
ip_102124,dev_102825
ip_102125,dev_101907
ip_102125,dev_101908
ip_102125,dev_102828
ip_102126,dev_100197
ip_102129,dev_101095
ip_102130,dev_101545
ip_102132,dev_102826
ip_102133,dev_103684
ip_102134,dev_102829
ip_102135,dev_103017
ip_102136,dev_102247
ip_102137,dev_101657
ip_102139,dev_100802
ip_102140,dev_101642
ip_102141,dev_102550
ip_102142,dev_101215
ip_102144,dev_100184
ip_102146,dev_101184
ip_102150,dev_102787
ip_102151,dev_103132
ip_102153,dev_103034
ip_102154,dev_101636
ip_102155,dev_102983
ip_102156,dev_102188
ip_102157,dev_102559
ip_102159,dev_102483
ip_102160,dev_101643
ip_102161,dev_101638
ip_102165,dev_100785
ip_102167,dev_100339
ip_102169,dev_101639
ip_102172,dev_103079
ip_102173,dev_101635
ip_102174,dev_101631
ip_102175,dev_103671
ip_102176,dev_101644
ip_102177,dev_102772
ip_102178,dev_102216
ip_102179,dev_103000
ip_102181,dev_101422
ip_102182,dev_101634
ip_102184,dev_101640
ip_102185,dev_101637
ip_102186,dev_102107
ip_102187,dev_102894
ip_102188,dev_101651
ip_102190,dev_103446
ip_102193,dev_103699
ip_102194,dev_100374
ip_102195,dev_102167
ip_102199,dev_101735
ip_102201,dev_101580
ip_102202,dev_100883
ip_102204,dev_101611
ip_102205,dev_100601
ip_102206,dev_102948
ip_102207,dev_100849
ip_102208,dev_102291
ip_102210,dev_102761
ip_102211,dev_100687
ip_102212,dev_101101
ip_102213,dev_101755
ip_102215,dev_102613
ip_102216,dev_103318
ip_102217,dev_100622
ip_102217,dev_102520
ip_102217,dev_102642
ip_102217,dev_103819
ip_102218,dev_102122
ip_102221,dev_102973
ip_102222,dev_103325
ip_102223,dev_102525
ip_102224,dev_103076
ip_102225,dev_101982
ip_102226,dev_100841
ip_102227,dev_100500
ip_102228,dev_100650
ip_102229,dev_101542
ip_102229,dev_101544
ip_102230,dev_102792
ip_102231,dev_101984
ip_102232,dev_103116
ip_102233,dev_102375
ip_102234,dev_103160
ip_102235,dev_103845
ip_102235,dev_103846
ip_102235,dev_103847
ip_102237,dev_101478
ip_102241,dev_100631
ip_102244,dev_102264
ip_102245,dev_100607
ip_102246,dev_102925
ip_102247,dev_101496
ip_102250,dev_100459
ip_102251,dev_100005
ip_102253,dev_100004
ip_102254,dev_103810
ip_102256,dev_102588
ip_102257,dev_100010
ip_102259,dev_103081
ip_102260,dev_103223
ip_102261,dev_102111
ip_102261,dev_102112
ip_102261,dev_102113
ip_102261,dev_102114
ip_102262,dev_101664
ip_102263,dev_101763
ip_102264,dev_103399
ip_102265,dev_101139
ip_102266,dev_101253
ip_102267,dev_103568
ip_102268,dev_101994
ip_102269,dev_100792
ip_102272,dev_101418
ip_102272,dev_103215
ip_102272,dev_103600
ip_102274,dev_101098
ip_102275,dev_101193
ip_102276,dev_100438
ip_102279,dev_102929
ip_102280,dev_103153
ip_102281,dev_100686
ip_102282,dev_101185
ip_102283,dev_100754
ip_102284,dev_100796
ip_102285,dev_100610
ip_102290,dev_102241
ip_102290,dev_102242
ip_102290,dev_102243
ip_102290,dev_102244
ip_102291,dev_102997
ip_102293,dev_101828
ip_102295,dev_100440
ip_102297,dev_102982
ip_102299,dev_100387
ip_102300,dev_101598
ip_102302,dev_100994
ip_102306,dev_103820
ip_102309,dev_101546
ip_102311,dev_100386
ip_102313,dev_101091
ip_102316,dev_103397
ip_102317,dev_101013
ip_102317,dev_101917
ip_102317,dev_102323
ip_102317,dev_102580
ip_102317,dev_103601
ip_102317,dev_103806
ip_102320,dev_101323
ip_102321,dev_102201
ip_102323,dev_101808
ip_102325,dev_102338
ip_102326,dev_101616
ip_102328,dev_103511
ip_102330,dev_102758
ip_102333,dev_100498
ip_102334,dev_101911
ip_102335,dev_101623
ip_102336,dev_101724
ip_102338,dev_102414
ip_102341,dev_101448
ip_102342,dev_101502
ip_102344,dev_100074
ip_102345,dev_100383
ip_102346,dev_102589
ip_102348,dev_101730
ip_102349,dev_100788
ip_102350,dev_101220
ip_102353,dev_103020
ip_102356,dev_101188
ip_102357,dev_100665
ip_102357,dev_100666
ip_102358,dev_102890
ip_102358,dev_102891
ip_102359,dev_101523
ip_102361,dev_101796
ip_102363,dev_102249
ip_102365,dev_101168
ip_102366,dev_103400
ip_102370,dev_103335
ip_102371,dev_101599
ip_102372,dev_100756
ip_102374,dev_102073
ip_102375,dev_102807
ip_102376,dev_100539
ip_102379,dev_101614
ip_102380,dev_103513
ip_102381,dev_102118
ip_102383,dev_100148
ip_102385,dev_100261
ip_102387,dev_100423
ip_102388,dev_103703
ip_102391,dev_100683
ip_102392,dev_102602
ip_102393,dev_101425
ip_102395,dev_103758
ip_102396,dev_100014
ip_102398,dev_100283
ip_102403,dev_101879
ip_102405,dev_103240
ip_102409,dev_102503
ip_102411,dev_100275
ip_102414,dev_101749
ip_102415,dev_102886
ip_102420,dev_100543
ip_102422,dev_100541
ip_102422,dev_100542
ip_102426,dev_102250
ip_102428,dev_101602
ip_102432,dev_101364
ip_102434,dev_100621
ip_102435,dev_103476
ip_102436,dev_102279
ip_102437,dev_102129
ip_102438,dev_100340
ip_102441,dev_103507
ip_102442,dev_102648
ip_102444,dev_103876
ip_102444,dev_103877
ip_102445,dev_103238
ip_102446,dev_100123
ip_102449,dev_102365
ip_102450,dev_100660
ip_102452,dev_102328
ip_102453,dev_101661
ip_102454,dev_103546
ip_102455,dev_103191
ip_102457,dev_102257
ip_102458,dev_103249
ip_102459,dev_102645
ip_102460,dev_101125
ip_102461,dev_100250
ip_102465,dev_102786
ip_102468,dev_103828
ip_102469,dev_101741
ip_102474,dev_102155
ip_102477,dev_102018
ip_102478,dev_102191
ip_102479,dev_102984
ip_102483,dev_102510
ip_102484,dev_101809
ip_102485,dev_100801
ip_102486,dev_100638
ip_102487,dev_101866
ip_102487,dev_101867
ip_102488,dev_101399
ip_102490,dev_100193
ip_102492,dev_101279
ip_102492,dev_101280
ip_102493,dev_100647
ip_102495,dev_100211
ip_102497,dev_101511
ip_102498,dev_101891
ip_102500,dev_103561
ip_102502,dev_103697
ip_102504,dev_103242
ip_102507,dev_102687
ip_102512,dev_100706
ip_102513,dev_101288
ip_102514,dev_102115
ip_102516,dev_101140
ip_102517,dev_103680
ip_102518,dev_100318
ip_102518,dev_100321
ip_102519,dev_101189
ip_102520,dev_100405
ip_102521,dev_102926
ip_102524,dev_102475
ip_102526,dev_102064
ip_102528,dev_100071
ip_102531,dev_103208
ip_102532,dev_101350
ip_102538,dev_103151
ip_102539,dev_102097
ip_102539,dev_102100
ip_102541,dev_100232
ip_102543,dev_100434
ip_102544,dev_102491
ip_102545,dev_100427
ip_102546,dev_101990
ip_102547,dev_100441
ip_102548,dev_103412
ip_102550,dev_103119
ip_102551,dev_102793
ip_102554,dev_100856
ip_102555,dev_101654
ip_102558,dev_100067
ip_102559,dev_103179
ip_102561,dev_100618
ip_102562,dev_102592
ip_102563,dev_100747
ip_102564,dev_103276
ip_102565,dev_103798
ip_102567,dev_103517
ip_102568,dev_103827
ip_102569,dev_101318
ip_102571,dev_100494
ip_102573,dev_103409
ip_102574,dev_103284
ip_102576,dev_103396
ip_102577,dev_103001
ip_102578,dev_103018
ip_102579,dev_103401
ip_102581,dev_100784
ip_102584,dev_103405
ip_102585,dev_101792
ip_102586,dev_103103
ip_102587,dev_101497
ip_102588,dev_101469
ip_102590,dev_100253
ip_102591,dev_102005
ip_102592,dev_103351
ip_102593,dev_102231
ip_102597,dev_101722
ip_102598,dev_103403
ip_102599,dev_100243
ip_102600,dev_103415
ip_102601,dev_101088
ip_102602,dev_103404
ip_102603,dev_103408
ip_102604,dev_103407
ip_102605,dev_100235
ip_102606,dev_103471
ip_102608,dev_100135
ip_102610,dev_103541
ip_102614,dev_103406
ip_102615,dev_103840
ip_102616,dev_101571
ip_102617,dev_102432
ip_102618,dev_100430
ip_102619,dev_101688
ip_102620,dev_101827
ip_102621,dev_103166
ip_102623,dev_102911
ip_102624,dev_103398
ip_102625,dev_101951
ip_102626,dev_103744
ip_102627,dev_102296
ip_102627,dev_102297
ip_102627,dev_102298
ip_102627,dev_102299
ip_102627,dev_102300
ip_102627,dev_102301
ip_102627,dev_102302
ip_102627,dev_102303
ip_102627,dev_102304
ip_102628,dev_100627
ip_102629,dev_101434
ip_102629,dev_101435
ip_102630,dev_103370
ip_102631,dev_101653
ip_102632,dev_103575
ip_102633,dev_103841
ip_102634,dev_101326
ip_102637,dev_103637
ip_102638,dev_102511
ip_102639,dev_101745
ip_102641,dev_101748
ip_102643,dev_101707
ip_102648,dev_103225
ip_102649,dev_101734
ip_102650,dev_100974
ip_102652,dev_101060
ip_102655,dev_102876
ip_102656,dev_100702
ip_102657,dev_101275
ip_102658,dev_101368
ip_102659,dev_101811
ip_102663,dev_100565
ip_102666,dev_100605
ip_102667,dev_102071
ip_102668,dev_101813
ip_102672,dev_100450
ip_102675,dev_103128
ip_102676,dev_102563
ip_102678,dev_102340
ip_102679,dev_102457
ip_102680,dev_101225
ip_102681,dev_103832
ip_102684,dev_100881
ip_102685,dev_103071
ip_102689,dev_103073
ip_102690,dev_101826
ip_102692,dev_101429
ip_102696,dev_103075
ip_102697,dev_101759
ip_102699,dev_102956
ip_102701,dev_103074
ip_102703,dev_103123
ip_102703,dev_103124
ip_102704,dev_103624
ip_102705,dev_103779
ip_102706,dev_100789
ip_102707,dev_100981
ip_102709,dev_102851
ip_102710,dev_103193
ip_102712,dev_101080
ip_102712,dev_102467
ip_102714,dev_102931
ip_102715,dev_103163
ip_102716,dev_102669
ip_102717,dev_100379
ip_102718,dev_103174
ip_102719,dev_102445
ip_102721,dev_102583
ip_102722,dev_100717
ip_102723,dev_103420
ip_102724,dev_101321
ip_102726,dev_101737
ip_102727,dev_101719
ip_102729,dev_102046
ip_102729,dev_102047
ip_102730,dev_101145
ip_102731,dev_102223
ip_102732,dev_102327
ip_102733,dev_101553
ip_102734,dev_103302
ip_102735,dev_102476
ip_102736,dev_100479
ip_102736,dev_100480
ip_102736,dev_100482
ip_102738,dev_102229
ip_102741,dev_100749
ip_102745,dev_102872
ip_102749,dev_101054
ip_102751,dev_101228
ip_102752,dev_101965
ip_102754,dev_103769
ip_102755,dev_103358
ip_102756,dev_100834
ip_102757,dev_103384
ip_102764,dev_103868
ip_102765,dev_102130
ip_102768,dev_102159
ip_102770,dev_100887
ip_102771,dev_102202
ip_102772,dev_100685
ip_102776,dev_101072
ip_102781,dev_102604
ip_102783,dev_102455
ip_102784,dev_103702
ip_102785,dev_101543
ip_102786,dev_103156
ip_102787,dev_102808
ip_102788,dev_100837
ip_102789,dev_101767
ip_102790,dev_100018
ip_102792,dev_103137
ip_102793,dev_103733
ip_102794,dev_103501
ip_102795,dev_100295
ip_102797,dev_102832
ip_102798,dev_102172
ip_102799,dev_103627
ip_102800,dev_102574
ip_102802,dev_101492
ip_102803,dev_103146
ip_102804,dev_103088
ip_102805,dev_102760
ip_102806,dev_101300
ip_102807,dev_100869
ip_102809,dev_102170
ip_102812,dev_103343
ip_102813,dev_100425
ip_102814,dev_103788
ip_102815,dev_101369
ip_102816,dev_102970
ip_102819,dev_103796
ip_102821,dev_100680
ip_102822,dev_101420
ip_102823,dev_102245
ip_102824,dev_103814
ip_102825,dev_102226
ip_102826,dev_102009
ip_102828,dev_102186
ip_102829,dev_103062
ip_102830,dev_100556
ip_102835,dev_103636
ip_102836,dev_101036
ip_102840,dev_103591
ip_102841,dev_100774
ip_102842,dev_103786
ip_102845,dev_101903
ip_102846,dev_103441
ip_102846,dev_103444
ip_102847,dev_100980
ip_102851,dev_102797
ip_102852,dev_101918
ip_102853,dev_103649
ip_102856,dev_102565
ip_102857,dev_102054
ip_102858,dev_101613
ip_102861,dev_102936
ip_102863,dev_102502
ip_102864,dev_100644
ip_102864,dev_101377
ip_102871,dev_103778
ip_102877,dev_103380
ip_102881,dev_103768
ip_102882,dev_101698
ip_102882,dev_101699
ip_102883,dev_101178
ip_102884,dev_101391
ip_102885,dev_100751
ip_102886,dev_102560
ip_102887,dev_100413
ip_102890,dev_102460
ip_102891,dev_100748
ip_102892,dev_103751
ip_102900,dev_101628
ip_102901,dev_103353
ip_102905,dev_102010
ip_102906,dev_100331
ip_102908,dev_101972
ip_102909,dev_101770
ip_102913,dev_101446
ip_102917,dev_100085
ip_102918,dev_103835
ip_102920,dev_102570
ip_102923,dev_101743
ip_102926,dev_103464
ip_102928,dev_100512
ip_102929,dev_102322
ip_102930,dev_101968
ip_102931,dev_103618
ip_102932,dev_101211
ip_102933,dev_100133
ip_102935,dev_100270
ip_102936,dev_100007
ip_102938,dev_100619
ip_102940,dev_101150
ip_102941,dev_101967
ip_102943,dev_101455
ip_102944,dev_100381
ip_102945,dev_101662
ip_102946,dev_102623
ip_102947,dev_103237
ip_102948,dev_100546
ip_102949,dev_102969
ip_102950,dev_100312
ip_102952,dev_100976
ip_102953,dev_103187
ip_102954,dev_103452
ip_102954,dev_103698
ip_102958,dev_102396
ip_102959,dev_103435
ip_102960,dev_100278
ip_102961,dev_102358
ip_102962,dev_103572
ip_102963,dev_103203
ip_102964,dev_103498
ip_102966,dev_103681
ip_102968,dev_102819
ip_102968,dev_102820
ip_102969,dev_101236
ip_102972,dev_102932
ip_102973,dev_100918
ip_102974,dev_100186
ip_102975,dev_101997
ip_102976,dev_102998
ip_102977,dev_100222
ip_102979,dev_103390
ip_102980,dev_101187
ip_102981,dev_101079
ip_102982,dev_103432
ip_102983,dev_103185
ip_102984,dev_101689
ip_102985,dev_102733
ip_102987,dev_102881
ip_102988,dev_101483
ip_102989,dev_103762
ip_102993,dev_100637
ip_102995,dev_102620
ip_102996,dev_101697
ip_102997,dev_100455
ip_102998,dev_102074
ip_102999,dev_103292
ip_103002,dev_100798
ip_103003,dev_100236
ip_103004,dev_100507
ip_103005,dev_102353
ip_103008,dev_103121
ip_103009,dev_101512
ip_103009,dev_101513
ip_103010,dev_103871
ip_103011,dev_101501
ip_103015,dev_102585
ip_103016,dev_101706
ip_103020,dev_102854
ip_103024,dev_102535
ip_103024,dev_102745
ip_103025,dev_100896
ip_103026,dev_102947
ip_103027,dev_101229
ip_103030,dev_101561
ip_103033,dev_100529
ip_103034,dev_102978
ip_103038,dev_103038
ip_103039,dev_102196
ip_103040,dev_103503
ip_103042,dev_102856
ip_103043,dev_101568
ip_103043,dev_102622
ip_103044,dev_100402
ip_103046,dev_103373
ip_103047,dev_101129
ip_103048,dev_100723
ip_103049,dev_100508
ip_103052,dev_100333
ip_103053,dev_101196
ip_103054,dev_103355
ip_103055,dev_100985
ip_103055,dev_100986
ip_103055,dev_100987
ip_103055,dev_100988
ip_103056,dev_101915
ip_103057,dev_101500
ip_103058,dev_101424
ip_103059,dev_100696
ip_103061,dev_102740
ip_103062,dev_103304
ip_103063,dev_102781
ip_103064,dev_101461
ip_103066,dev_101426
ip_103069,dev_102151
ip_103070,dev_103459
ip_103071,dev_100468
ip_103072,dev_101837
ip_103073,dev_103027
ip_103075,dev_103478
ip_103077,dev_100557
ip_103078,dev_103616
ip_103079,dev_103808
ip_103081,dev_100709
ip_103082,dev_100454
ip_103082,dev_101836
ip_103082,dev_102975
ip_103082,dev_103313
ip_103082,dev_103689
ip_103083,dev_100839
ip_103084,dev_103066
ip_103085,dev_102927
ip_103086,dev_103580
ip_103087,dev_101659
ip_103087,dev_102221
ip_103088,dev_101076
ip_103090,dev_100597
ip_103091,dev_103745
ip_103092,dev_101973
ip_103093,dev_101621
ip_103094,dev_102606
ip_103096,dev_101702
ip_103098,dev_101540
ip_103100,dev_100317
ip_103100,dev_100319
ip_103100,dev_100320
ip_103101,dev_100268
ip_103102,dev_100020
ip_103107,dev_101416
ip_103108,dev_100473
ip_103109,dev_102433
ip_103110,dev_101522
ip_103112,dev_100111
ip_103113,dev_103654
ip_103114,dev_103199
ip_103115,dev_101929
ip_103116,dev_100033
ip_103121,dev_101258
ip_103122,dev_101466
ip_103123,dev_101419
ip_103125,dev_103392
ip_103126,dev_100571
ip_103128,dev_102596
ip_103129,dev_100862
ip_103130,dev_103391
ip_103132,dev_103487
ip_103135,dev_101754
ip_103136,dev_102426
ip_103137,dev_103102
ip_103140,dev_102571
ip_103142,dev_101909
ip_103143,dev_103122
ip_103144,dev_103152
ip_103147,dev_100912
ip_103150,dev_102262
ip_103154,dev_103098
ip_103155,dev_101367
ip_103157,dev_103879
ip_103161,dev_102960
ip_103162,dev_103843
ip_103163,dev_101882
ip_103164,dev_100661
ip_103166,dev_100643
ip_103167,dev_102659
ip_103168,dev_101902
ip_103169,dev_103167
ip_103171,dev_100864
ip_103173,dev_103317
ip_103176,dev_102509
ip_103177,dev_101487
ip_103178,dev_103357
ip_103179,dev_100519
ip_103181,dev_100269
ip_103185,dev_100739
ip_103186,dev_103411
ip_103187,dev_100308
ip_103189,dev_100734
ip_103189,dev_100735
ip_103189,dev_100736
ip_103189,dev_100737
ip_103189,dev_100738
ip_103190,dev_100345
ip_103194,dev_103578
ip_103194,dev_103579
ip_103195,dev_102424
ip_103196,dev_102418
ip_103199,dev_100688
ip_103201,dev_100337
ip_103203,dev_101433
ip_103205,dev_102228
ip_103207,dev_101004
ip_103207,dev_101005
ip_103208,dev_102354
ip_103210,dev_103117
ip_103211,dev_101468
ip_103214,dev_100213
ip_103215,dev_100996
ip_103217,dev_103352
ip_103219,dev_100855
ip_103221,dev_100220
ip_103222,dev_103470
ip_103223,dev_100564
ip_103225,dev_103721
ip_103228,dev_101723
ip_103229,dev_103659
ip_103232,dev_101414
ip_103233,dev_103725
ip_103233,dev_103726
ip_103234,dev_101162
ip_103235,dev_100424
ip_103238,dev_103626
ip_103240,dev_103093
ip_103242,dev_103708
ip_103243,dev_103376
ip_103249,dev_102817
ip_103252,dev_103492
ip_103255,dev_101212
ip_103256,dev_102942
ip_103257,dev_101672
ip_103258,dev_102050
ip_103261,dev_102794
ip_103262,dev_102437
ip_103263,dev_102561
ip_103263,dev_103296
ip_103267,dev_100578
ip_103268,dev_102971
ip_103270,dev_101695
ip_103272,dev_101290
ip_103276,dev_100164
ip_103276,dev_100165
ip_103276,dev_100178
ip_103278,dev_101945
ip_103281,dev_101297
ip_103284,dev_101144
ip_103286,dev_101240
ip_103289,dev_102774
ip_103290,dev_101926
ip_103291,dev_101925
ip_103295,dev_103007
ip_103298,dev_103695
ip_103301,dev_100585
ip_103303,dev_100086
ip_103304,dev_100684
ip_103305,dev_102371
ip_103306,dev_100984
ip_103310,dev_100079
ip_103311,dev_101482
ip_103312,dev_101154
ip_103313,dev_102624
ip_103316,dev_102258
ip_103318,dev_100152
ip_103318,dev_100153
ip_103318,dev_100154
ip_103318,dev_100155
ip_103318,dev_100156
ip_103318,dev_100157
ip_103318,dev_100158
ip_103318,dev_100159
ip_103318,dev_100160
ip_103318,dev_100161
ip_103318,dev_100162
ip_103318,dev_100163
ip_103318,dev_100166
ip_103318,dev_100167
ip_103318,dev_100168
ip_103318,dev_100169
ip_103318,dev_100170
ip_103318,dev_100171
ip_103318,dev_100173
ip_103318,dev_100175
ip_103318,dev_100176
ip_103318,dev_100177
ip_103320,dev_102466
ip_103321,dev_101242
ip_103322,dev_101281
ip_103323,dev_103050
ip_103325,dev_103475
ip_103327,dev_100338
ip_103329,dev_100221
ip_103331,dev_100497
ip_103333,dev_102160
ip_103334,dev_100516
ip_103335,dev_102103
ip_103337,dev_102987
ip_103337,dev_103438
ip_103338,dev_100471
ip_103340,dev_101295
ip_103342,dev_101733
ip_103343,dev_102821
ip_103345,dev_102958
ip_103345,dev_102959
ip_103348,dev_102612
ip_103350,dev_102635
ip_103351,dev_100713
ip_103352,dev_100349
ip_103353,dev_103010
ip_103354,dev_103248
ip_103355,dev_101244
ip_103356,dev_101245
ip_103357,dev_100580
ip_103357,dev_100583
ip_103358,dev_101393
ip_103364,dev_100294
ip_103364,dev_100555
ip_103364,dev_102350
ip_103364,dev_103724
ip_103365,dev_100477
ip_103366,dev_102349
ip_103369,dev_100777
ip_103373,dev_102023
ip_103374,dev_101693
ip_103375,dev_101157
ip_103377,dev_103154
ip_103378,dev_103576
ip_103381,dev_103443
ip_103384,dev_102965
ip_103385,dev_101505
ip_103388,dev_100128
ip_103389,dev_100322
ip_103392,dev_103084
ip_103394,dev_103822
ip_103397,dev_103795
ip_103398,dev_103413
ip_103400,dev_102024
ip_103401,dev_103734
ip_103402,dev_100437
ip_103404,dev_102858
ip_103405,dev_103520
ip_103411,dev_102853
ip_103412,dev_101090
ip_103413,dev_100742
ip_103414,dev_101617
ip_103423,dev_101648
ip_103425,dev_102412
ip_103426,dev_101055
ip_103426,dev_101801
ip_103427,dev_101504
ip_103429,dev_101996
ip_103431,dev_102546
ip_103432,dev_102022
ip_103435,dev_103142
ip_103436,dev_102440
ip_103438,dev_100445
ip_103440,dev_101481
ip_103440,dev_101484
ip_103441,dev_101256
ip_103444,dev_103525
ip_103446,dev_100530
ip_103450,dev_100299
ip_103452,dev_100977
ip_103454,dev_100326
ip_103455,dev_100488
ip_103457,dev_101943
ip_103458,dev_101169
ip_103463,dev_103019
ip_103464,dev_103290
ip_103465,dev_100442
ip_103471,dev_101825
ip_103473,dev_102921
ip_103478,dev_100521
ip_103479,dev_101486
ip_103482,dev_100750
ip_103483,dev_100676
ip_103484,dev_100727
ip_103485,dev_103442
ip_103487,dev_102796
ip_103489,dev_101269
ip_103490,dev_103875
ip_103492,dev_101033
ip_103493,dev_101936
ip_103494,dev_103440
ip_103498,dev_100091
ip_103498,dev_100095
ip_103498,dev_100098
ip_103498,dev_100100
ip_103502,dev_102974
ip_103503,dev_102861
ip_103504,dev_101121
ip_103508,dev_103508
ip_103509,dev_101237
ip_103510,dev_102083
ip_103512,dev_103838
ip_103513,dev_102961
ip_103514,dev_101554
ip_103518,dev_101799
ip_103522,dev_100107
ip_103524,dev_103134
ip_103525,dev_100753
ip_103526,dev_101991
ip_103528,dev_101003
ip_103531,dev_103410
ip_103533,dev_103332
ip_103535,dev_101203
ip_103536,dev_102662
ip_103539,dev_100775
ip_103542,dev_100304
ip_103543,dev_100306
ip_103544,dev_103069
ip_103549,dev_100011
ip_103551,dev_102295
ip_103553,dev_101567
ip_103556,dev_103065
ip_103557,dev_101068
ip_103559,dev_100786
ip_103561,dev_102864
ip_103562,dev_102671
ip_103565,dev_101797
ip_103566,dev_102377
ip_103567,dev_100234
ip_103569,dev_102230
ip_103572,dev_103095
ip_103574,dev_101720
ip_103575,dev_103889
ip_103577,dev_102384
ip_103578,dev_102530
ip_103579,dev_103195
ip_103579,dev_103196
ip_103582,dev_102532
ip_103583,dev_101427
ip_103583,dev_102106
ip_103584,dev_100710
ip_103585,dev_103474
ip_103588,dev_100671
ip_103589,dev_101987
ip_103590,dev_101313
ip_103596,dev_101078
ip_103597,dev_102211
ip_103601,dev_102897
ip_103603,dev_103804
ip_103605,dev_103612
ip_103607,dev_102008
ip_103608,dev_101276
ip_103609,dev_102773
ip_103611,dev_102661
ip_103614,dev_103089
ip_103615,dev_102917
ip_103615,dev_102918
ip_103616,dev_103340
ip_103617,dev_103715
ip_103618,dev_103188
ip_103619,dev_100496
ip_103620,dev_101573
ip_103627,dev_101963
ip_103630,dev_103844
ip_103631,dev_102981
ip_103632,dev_100731
ip_103639,dev_102816
ip_103641,dev_102310
ip_103641,dev_102315
ip_103644,dev_100329
ip_103645,dev_101136
ip_103650,dev_102665
ip_103651,dev_102908
ip_103654,dev_102086
ip_103654,dev_102096
ip_103656,dev_100893
ip_103657,dev_100679
ip_103659,dev_103213
ip_103659,dev_103214
ip_103660,dev_102924
ip_103661,dev_101520
ip_103663,dev_102447
ip_103667,dev_100715
ip_103674,dev_101376
ip_103677,dev_100407
ip_103680,dev_102576
ip_103681,dev_103701
ip_103682,dev_100528
ip_103683,dev_101413
ip_103685,dev_100122
ip_103688,dev_100968
ip_103689,dev_102406
ip_103696,dev_100467
ip_103698,dev_100866
ip_103700,dev_101810
ip_103701,dev_101392
ip_103702,dev_103371
ip_103706,dev_100589
ip_103708,dev_102336
ip_103709,dev_100527
ip_103709,dev_102357
ip_103709,dev_102523
ip_103709,dev_103054
ip_103711,dev_103039
ip_103713,dev_101729
ip_103716,dev_102187
ip_103719,dev_100845
ip_103720,dev_102595
ip_103723,dev_100641
ip_103725,dev_103047
ip_103726,dev_103149
ip_103730,dev_103336
ip_103732,dev_100343
ip_103735,dev_101555
ip_103737,dev_101980
ip_103738,dev_101174
ip_103740,dev_102512
ip_103743,dev_103202
ip_103745,dev_101159
ip_103746,dev_103110
ip_103747,dev_103590
ip_103748,dev_100451
ip_103749,dev_101795
ip_103750,dev_101397
ip_103752,dev_101498
ip_103754,dev_102326
ip_103755,dev_100185
ip_103756,dev_101832
ip_103758,dev_100288
ip_103759,dev_100088
ip_103759,dev_100089
ip_103759,dev_100092
ip_103759,dev_100093
ip_103759,dev_100096
ip_103759,dev_100097
ip_103759,dev_100099
ip_103760,dev_103125
ip_103761,dev_102980
ip_103762,dev_101667
ip_103764,dev_102991
ip_103766,dev_101371
ip_103767,dev_102536
ip_103768,dev_103245
ip_103769,dev_103755
ip_103772,dev_103518
ip_103774,dev_102067
ip_103775,dev_101764
ip_103776,dev_100511
ip_103778,dev_103608
ip_103779,dev_101871
ip_103783,dev_101067
ip_103784,dev_100393
ip_103785,dev_101282
ip_103786,dev_103031
ip_103787,dev_102575
ip_103789,dev_101383
ip_103789,dev_101817
ip_103789,dev_103200
ip_103790,dev_103080
ip_103791,dev_103855
ip_103792,dev_103026
ip_103793,dev_103589
ip_103794,dev_101696
ip_103796,dev_103417
ip_103798,dev_102746
ip_103800,dev_103158
ip_103803,dev_100698
ip_103806,dev_102065
ip_103811,dev_100237
ip_103813,dev_102531
ip_103814,dev_100800
ip_103815,dev_101320
ip_103816,dev_101941
ip_103818,dev_100799
ip_103819,dev_101014
ip_103820,dev_101307
ip_103822,dev_100207
ip_103823,dev_100797
ip_103825,dev_102888
ip_103826,dev_100694
ip_103828,dev_100791
ip_103829,dev_101167
ip_103830,dev_100446
ip_103831,dev_101701
ip_103834,dev_101087
ip_103837,dev_103436
ip_103838,dev_100403
ip_103839,dev_101895
ip_103840,dev_100290
ip_103841,dev_103720
ip_103845,dev_103748
ip_103846,dev_103771
ip_103847,dev_102650
ip_103848,dev_100420
ip_103849,dev_100779
ip_103853,dev_100042
ip_103854,dev_101415
ip_103855,dev_100858
ip_103856,dev_102053
ip_103858,dev_102471
ip_103860,dev_102177
ip_103861,dev_102393
ip_103861,dev_103094
ip_103862,dev_101863
ip_103863,dev_100204
ip_103867,dev_102335
ip_103868,dev_100378
ip_103869,dev_101221
ip_103870,dev_103864
ip_103871,dev_100129
ip_103872,dev_103505
ip_103874,dev_100244
ip_103876,dev_102937
ip_103877,dev_100265
ip_103878,dev_100272
ip_103880,dev_103085
ip_103881,dev_101593
ip_103883,dev_100436
ip_103885,dev_103740
ip_103887,dev_103129
ip_103888,dev_102329
ip_103890,dev_103063
ip_103892,dev_101947
ip_103893,dev_103056
ip_103895,dev_102044
ip_103896,dev_102179
ip_103896,dev_102180
ip_103896,dev_102181
ip_103896,dev_102182
ip_103898,dev_100190
ip_103899,dev_101948
ip_103900,dev_102547
ip_103901,dev_103021
ip_103903,dev_102290
ip_103906,dev_100658
ip_103907,dev_100804
ip_103908,dev_102916
ip_103909,dev_100291
ip_103912,dev_100787
ip_103915,dev_102474
ip_103916,dev_100635
ip_103918,dev_101453
ip_103927,dev_102809
ip_103928,dev_100218
ip_103931,dev_102463
ip_103932,dev_103106
ip_103933,dev_102356
ip_103933,dev_102860
ip_103937,dev_103497
ip_103940,dev_101738
ip_103946,dev_102656
ip_103948,dev_102411
ip_103949,dev_100305
ip_103950,dev_100303
ip_103953,dev_102514
ip_103954,dev_103333
ip_103956,dev_101309
ip_103957,dev_102332
ip_103958,dev_103652
ip_103961,dev_101958
ip_103962,dev_103297
ip_103967,dev_103878
ip_103969,dev_102152
ip_103970,dev_100146
ip_103971,dev_102081
ip_103971,dev_102082
ip_103971,dev_102084
ip_103971,dev_102085
ip_103971,dev_102087
ip_103971,dev_102088
ip_103971,dev_102089
ip_103971,dev_102090
ip_103971,dev_102091
ip_103971,dev_102092
ip_103971,dev_102093
ip_103971,dev_102094
ip_103971,dev_102095
ip_103971,dev_102098
ip_103971,dev_102099
ip_103971,dev_102101
ip_103971,dev_102102
ip_103973,dev_103809
ip_103974,dev_101556
ip_103974,dev_101557
ip_103974,dev_101558
ip_103975,dev_102485
ip_103975,dev_102486
ip_103975,dev_102487
ip_103981,dev_102782
ip_103983,dev_101238
ip_103984,dev_100603
ip_103987,dev_103794
ip_103990,dev_100124
ip_103992,dev_100620
ip_103993,dev_101324
ip_103996,dev_102887
ip_103997,dev_103776
ip_103999,dev_102607
ip_104000,dev_103374
ip_104002,dev_103615
ip_104005,dev_101262
ip_104006,dev_101325
ip_104007,dev_101271
ip_104010,dev_102621
ip_104012,dev_101396
ip_104015,dev_103306
ip_104015,dev_103307
ip_104015,dev_103308
ip_104015,dev_103309
ip_104019,dev_100733
ip_104020,dev_100144
ip_104022,dev_100277
ip_104023,dev_103068
ip_104024,dev_101957
ip_104025,dev_102867
ip_104027,dev_100242
ip_104031,dev_103842
ip_104033,dev_103097
ip_104034,dev_103651
ip_104035,dev_100117
ip_104036,dev_101277
ip_104037,dev_100149
ip_104038,dev_102347
ip_104039,dev_100388
ip_104041,dev_103823
ip_104043,dev_103329
ip_104045,dev_101714
ip_104047,dev_101762
ip_104048,dev_101899
ip_104049,dev_100187
ip_104052,dev_103801
ip_104052,dev_103802
ip_104053,dev_102190
ip_104055,dev_103303
ip_104060,dev_100076
ip_104060,dev_100419
ip_104061,dev_102252
ip_104065,dev_100877
ip_104066,dev_102967
ip_104067,dev_101864
ip_104069,dev_102763
ip_104070,dev_103181
ip_104071,dev_102324
ip_104072,dev_102497
ip_104075,dev_100307
ip_104077,dev_102966
ip_104078,dev_102238
ip_104079,dev_103311
ip_104085,dev_103569
ip_104086,dev_102664
ip_104088,dev_101976
ip_104090,dev_103328
ip_104091,dev_103461
ip_104093,dev_100827
ip_104095,dev_101462
ip_104097,dev_100223
ip_104099,dev_100593
ip_104100,dev_102508
ip_104103,dev_103566
ip_104104,dev_103500
ip_104106,dev_100588
ip_104107,dev_100587
ip_104108,dev_103650
ip_104110,dev_102075
ip_104111,dev_101814
ip_104112,dev_103856
ip_104113,dev_101630
ip_104117,dev_103322
ip_104118,dev_101057
ip_104119,dev_100334
ip_104120,dev_101302
ip_104122,dev_102564
ip_104125,dev_100843
ip_104127,dev_100908
ip_104128,dev_101859
ip_104129,dev_101528
ip_104130,dev_100172
ip_104133,dev_103666
ip_104133,dev_103667
ip_104139,dev_102225
ip_104140,dev_102215
ip_104141,dev_102135
ip_104142,dev_100174
ip_104143,dev_103638
ip_104147,dev_100019
ip_104148,dev_102438
ip_104154,dev_103087
ip_104155,dev_103086
ip_104156,dev_101284
ip_104156,dev_101285
ip_104156,dev_101286
ip_104158,dev_102425
ip_104159,dev_100282
ip_104160,dev_103554
ip_104163,dev_101858
ip_104164,dev_100125
ip_104165,dev_103416
ip_104166,dev_100563
ip_104167,dev_100867
ip_104168,dev_103051
ip_104169,dev_101586
ip_104170,dev_101604
ip_104172,dev_101235
ip_104173,dev_103857
ip_104178,dev_100634
ip_104179,dev_100732
ip_104180,dev_102490
ip_104181,dev_103799
ip_104186,dev_100460
ip_104187,dev_100292
ip_104189,dev_100730
ip_104190,dev_100509
ip_104190,dev_100510
ip_104191,dev_101962
ip_104191,dev_103434
ip_104194,dev_102556
ip_104195,dev_102555
ip_104196,dev_102344
ip_104197,dev_103766
ip_104198,dev_101587
ip_104200,dev_102359
ip_104200,dev_102360
ip_104201,dev_103468
ip_104204,dev_100830
ip_104205,dev_102227
ip_104206,dev_102453
ip_104208,dev_100729
ip_104209,dev_102672
ip_104211,dev_103750
ip_104215,dev_102222
ip_104216,dev_101760
ip_104219,dev_103239
ip_104221,dev_102011
ip_104222,dev_103330
ip_104223,dev_103009
ip_104226,dev_100217
ip_104227,dev_101601
ip_104228,dev_101401
ip_104229,dev_100609
ip_104230,dev_101017
ip_104232,dev_102507
ip_104233,dev_101335
ip_104234,dev_102173
ip_104234,dev_102895
ip_104235,dev_100081
ip_104235,dev_100082
ip_104238,dev_102210
ip_104241,dev_100633
ip_104243,dev_100763
ip_104243,dev_100764
ip_104243,dev_100765
ip_104243,dev_100766
ip_104246,dev_102566
ip_104249,dev_103641
ip_104252,dev_100369
ip_104252,dev_100372
ip_104253,dev_100391
ip_104257,dev_100492
ip_104260,dev_101012
ip_104261,dev_102638
ip_104263,dev_101605
ip_104263,dev_101606
ip_104263,dev_101607
ip_104264,dev_103787
ip_104267,dev_101820
ip_104268,dev_100552
ip_104268,dev_101514
ip_104268,dev_102454
ip_104268,dev_102756
ip_104268,dev_103377
ip_104269,dev_102205
ip_104275,dev_102636
ip_104276,dev_102712
ip_104277,dev_100118
ip_104278,dev_103061
ip_104280,dev_101440
ip_104282,dev_101816
ip_104282,dev_102305
ip_104282,dev_102333
ip_104282,dev_102751
ip_104283,dev_100769
ip_104287,dev_103298
ip_104288,dev_102403
ip_104289,dev_101952
ip_104293,dev_101971
ip_104296,dev_103030
ip_104298,dev_102988
ip_104300,dev_102674
ip_104303,dev_101384
ip_104305,dev_101575
ip_104306,dev_102441
ip_104306,dev_102442
ip_104306,dev_102443
ip_104309,dev_100892
ip_104311,dev_101263
ip_104313,dev_100205
ip_104314,dev_100522
ip_104317,dev_101314
ip_104318,dev_103043
ip_104321,dev_101588
ip_104322,dev_101160
ip_104324,dev_103424
ip_104326,dev_100397
ip_104328,dev_101218
ip_104329,dev_101163
ip_104330,dev_103288
ip_104330,dev_103289
ip_104332,dev_101539
ip_104333,dev_102237
ip_104334,dev_102197
ip_104337,dev_103395
ip_104347,dev_100132
ip_104349,dev_100068
ip_104350,dev_102462
ip_104352,dev_101053
ip_104353,dev_102524
ip_104354,dev_100009
ip_104357,dev_103100
ip_104358,dev_102052
ip_104359,dev_100490
ip_104360,dev_103640
ip_104362,dev_103040
ip_104364,dev_101740
ip_104370,dev_103848
ip_104373,dev_100390
ip_104378,dev_100832
ip_104378,dev_103863
ip_104381,dev_101206
ip_104381,dev_101207
ip_104383,dev_100712
ip_104385,dev_100692
ip_104385,dev_103592
ip_104386,dev_100191
ip_104386,dev_100192
ip_104387,dev_103629
ip_104389,dev_100394
ip_104390,dev_103448
ip_104397,dev_100274
ip_104400,dev_102823
ip_104403,dev_100611
ip_104405,dev_101216
ip_104409,dev_100579
ip_104409,dev_100581
ip_104409,dev_100582
ip_104409,dev_100584
ip_104410,dev_103339
ip_104411,dev_102538
ip_104412,dev_102051
ip_104413,dev_103115
ip_104414,dev_100025
ip_104416,dev_100210
ip_104419,dev_100120
ip_104421,dev_101370
ip_104422,dev_102364
ip_104423,dev_100396
ip_104426,dev_102444
ip_104427,dev_103172
ip_104428,dev_101677
ip_104428,dev_101680
ip_104429,dev_100109
ip_104430,dev_103194
ip_104433,dev_103204
ip_104435,dev_103535
ip_104435,dev_103536
ip_104437,dev_103161
ip_104438,dev_101603
ip_104440,dev_102376
ip_104441,dev_100898
ip_104443,dev_102603
ip_104444,dev_103642
ip_104445,dev_100831
ip_104449,dev_103126
ip_104450,dev_100693
ip_104453,dev_102493
ip_104454,dev_101073
ip_104455,dev_100094
ip_104457,dev_103673
ip_104463,dev_100708
ip_104468,dev_102619
ip_104472,dev_103571
ip_104473,dev_100448
ip_104474,dev_101243
ip_104475,dev_102395
ip_104476,dev_100239
ip_104477,dev_100466
ip_104479,dev_103363
ip_104483,dev_103493
ip_104484,dev_102132
ip_104485,dev_100059
ip_104486,dev_101375
ip_104489,dev_103177
ip_104490,dev_101721
ip_104491,dev_103314
ip_104494,dev_101979
ip_104506,dev_103886
ip_104507,dev_100060
ip_104508,dev_100063
ip_104511,dev_100535
ip_104511,dev_103872
ip_104514,dev_103870
ip_104515,dev_103491
ip_104518,dev_101548
ip_104518,dev_101549
ip_104518,dev_101550
ip_104519,dev_101259
ip_104522,dev_100596
ip_104523,dev_100062
ip_104525,dev_101117
ip_104526,dev_101806
ip_104529,dev_103729
ip_104530,dev_102675
ip_104531,dev_100061
ip_104534,dev_101747
ip_104535,dev_102670
ip_104537,dev_101230
ip_104538,dev_103105
ip_104539,dev_100330
ip_104542,dev_102020
ip_104545,dev_102879
ip_104546,dev_102539
ip_104547,dev_102873
ip_104549,dev_100740
ip_104550,dev_102423
ip_104551,dev_101788
ip_104552,dev_101134
ip_104554,dev_102268
ip_104554,dev_102269
ip_104556,dev_102790
ip_104557,dev_101656
ip_104558,dev_100108
ip_104559,dev_101675
ip_104560,dev_100264
ip_104561,dev_101077
ip_104564,dev_103710
ip_104565,dev_102402
ip_104566,dev_103853
ip_104568,dev_100258
ip_104569,dev_103341
ip_104570,dev_102938
ip_104572,dev_103605
ip_104573,dev_103653
ip_104574,dev_100598
ip_104576,dev_101953
ip_104577,dev_101409
ip_104578,dev_100047
ip_104580,dev_101964
ip_104581,dev_101247
ip_104583,dev_102990
ip_104584,dev_102058
ip_104585,dev_100741
ip_104586,dev_103016
ip_104587,dev_100214
ip_104588,dev_100080
ip_104589,dev_101222
ip_104590,dev_103178
ip_104591,dev_103120
ip_104595,dev_100854
ip_104597,dev_102553
ip_104600,dev_102000
ip_104601,dev_102183
ip_104602,dev_100404
ip_104604,dev_100066
ip_104605,dev_101459
ip_104607,dev_102012
ip_104608,dev_102855
ip_104609,dev_100919
ip_104610,dev_102165
ip_104613,dev_102373
ip_104614,dev_100464
ip_104615,dev_102906
ip_104618,dev_101620
ip_104621,dev_103207
ip_104631,dev_103821
ip_104632,dev_103241
ip_104637,dev_101029
ip_104638,dev_100121
ip_104639,dev_100909
ip_104642,dev_103837
ip_104643,dev_100035
ip_104643,dev_100036
ip_104644,dev_101056
ip_104645,dev_103530
ip_104648,dev_103338
ip_104649,dev_103815
ip_104650,dev_102498
ip_104650,dev_102499
ip_104650,dev_102500
ip_104650,dev_102501
ip_104652,dev_103029
ip_104655,dev_102158
ip_104656,dev_102542
ip_104658,dev_101592
ip_104659,dev_102863
ip_104660,dev_102533
ip_104662,dev_102366
ip_104663,dev_101485
ip_104664,dev_101388
ip_104665,dev_102484
ip_104668,dev_103791
ip_104669,dev_101374
ip_104670,dev_101676
ip_104670,dev_101679
ip_104673,dev_101541
ip_104675,dev_100090
ip_104676,dev_102995
ip_104677,dev_101071
ip_104678,dev_102134
ip_104680,dev_101283
ip_104681,dev_102617
ip_104682,dev_101993
ip_104683,dev_101372
ip_104684,dev_100782
ip_104685,dev_101935
ip_104688,dev_101578
ip_104689,dev_102608
ip_104690,dev_101787
ip_104692,dev_101287
ip_104697,dev_101474
ip_104698,dev_102537
ip_104700,dev_103321
ip_104701,dev_101361
ip_104702,dev_103323
ip_104703,dev_102922
ip_104707,dev_101784
ip_104708,dev_101794
ip_104710,dev_101025
ip_104711,dev_102738
ip_104712,dev_100453
ip_104714,dev_103414
ip_104716,dev_101173
ip_104719,dev_100759
ip_104719,dev_100760
ip_104722,dev_101894
ip_104729,dev_101596
ip_104731,dev_102639
ip_104732,dev_101292
ip_104733,dev_103206
ip_104734,dev_100026
ip_104736,dev_102581
ip_104737,dev_103826
ip_104740,dev_103460
ip_104741,dev_102629
ip_104743,dev_100034
ip_104743,dev_101934
ip_104743,dev_103447
ip_104750,dev_100594
ip_104751,dev_101204
ip_104753,dev_100803
ip_104755,dev_101821
ip_104758,dev_103757
ip_104760,dev_101191
ip_104760,dev_101192
ip_104761,dev_102410
ip_104762,dev_101120
ip_104765,dev_103028
ip_104766,dev_102105
ip_104767,dev_101786
ip_104768,dev_102017
ip_104769,dev_102398
ip_104770,dev_101517
ip_104771,dev_102646
ip_104773,dev_103529
ip_104774,dev_101195
ip_104777,dev_103362
ip_104778,dev_102048
ip_104780,dev_100664
ip_104781,dev_100016
ip_104785,dev_101585
ip_104785,dev_101589
ip_104788,dev_101389
ip_104796,dev_102248
ip_104800,dev_103873
ip_104801,dev_101649
ip_104804,dev_102994
ip_104805,dev_101408
ip_104809,dev_103692
ip_104811,dev_101671
ip_104812,dev_100652
ip_104813,dev_101202
ip_104819,dev_100780
ip_104821,dev_102320
ip_104822,dev_102007
ip_104823,dev_102198
ip_104825,dev_101874
ip_104826,dev_101471
ip_104827,dev_100997
ip_104829,dev_102993
ip_104830,dev_102307
ip_104835,dev_103485
ip_104836,dev_101147
ip_104837,dev_102219
ip_104838,dev_102232
ip_104839,dev_102543
ip_104842,dev_102811
ip_104843,dev_102810
ip_104845,dev_102452
ip_104846,dev_103324
ip_104849,dev_102218
ip_104850,dev_102573
ip_104850,dev_103286
ip_104851,dev_101919
ip_104853,dev_103565
ip_104854,dev_102495
ip_104856,dev_102907
ip_104857,dev_101766
ip_104858,dev_102812
ip_104859,dev_101678
ip_104861,dev_101467
ip_104862,dev_101205
ip_104863,dev_103553
ip_104866,dev_103614
ip_104867,dev_100889
ip_104871,dev_101094
ip_104874,dev_102946
ip_104875,dev_101026
ip_104876,dev_100252
ip_104879,dev_100259
ip_104880,dev_100017
ip_104883,dev_102914
ip_104885,dev_100805
ip_104886,dev_102342
ip_104888,dev_102415
ip_104889,dev_100793
ip_104891,dev_100022
ip_104893,dev_101564
ip_104898,dev_101717
ip_104899,dev_101194
ip_104902,dev_100697
ip_104907,dev_101075
ip_104909,dev_103099
ip_104911,dev_101711
ip_104915,dev_101892
ip_104917,dev_102992
ip_104918,dev_100151
ip_104919,dev_101559
ip_104921,dev_100506
ip_104922,dev_101112
ip_104926,dev_101692
ip_104928,dev_103754
ip_104930,dev_103312
ip_104932,dev_100612
ip_104933,dev_100251
ip_104934,dev_102586
ip_104937,dev_100083
ip_104937,dev_103712
ip_104944,dev_100534
ip_104948,dev_103521
ip_104949,dev_102766
ip_104950,dev_101921
ip_104951,dev_100781
ip_104951,dev_100783
ip_104953,dev_102866
ip_104954,dev_101000
ip_104955,dev_100670
ip_104956,dev_101950
ip_104958,dev_103477
ip_104961,dev_103394
ip_104962,dev_100021
ip_104964,dev_103300
ip_104965,dev_100632
ip_104966,dev_103466
ip_104971,dev_103114
ip_104973,dev_100773
ip_104976,dev_103104
ip_104977,dev_101138
ip_104980,dev_102968
ip_104982,dev_103082
ip_104983,dev_101535
ip_104984,dev_100344
ip_104986,dev_101024
ip_104986,dev_101027
ip_104988,dev_100327
ip_104989,dev_103617
ip_104991,dev_103489
ip_104992,dev_103044
ip_104993,dev_101234
ip_104999,dev_101904
ip_105001,dev_101499
ip_105003,dev_101510
ip_105005,dev_101019
ip_105006,dev_102175
ip_105007,dev_100995
ip_105008,dev_103735
ip_105009,dev_101922
ip_105010,dev_101890
ip_105012,dev_103014
ip_105013,dev_100457
ip_105016,dev_103107
ip_105017,dev_101439
ip_105018,dev_102062
ip_105019,dev_103805
ip_105021,dev_101458
ip_105022,dev_103587
ip_105023,dev_103512
ip_105024,dev_103599
ip_105026,dev_103574
ip_105027,dev_101480
ip_105028,dev_103005
ip_105029,dev_102334
ip_105035,dev_102800
ip_105037,dev_101470
ip_105039,dev_100567
ip_105042,dev_103184
ip_105044,dev_101583
ip_105045,dev_101122
ip_105048,dev_103305
ip_105055,dev_103003
ip_105058,dev_101576
ip_105059,dev_101460
ip_105068,dev_101785
ip_105069,dev_101524
ip_105070,dev_102116
ip_105070,dev_103643
ip_105070,dev_103665
ip_105071,dev_101560
ip_105074,dev_101876
ip_105078,dev_103433
ip_105083,dev_103045
ip_105084,dev_103532
ip_105085,dev_101565
ip_105088,dev_102594
ip_105091,dev_101670
ip_105093,dev_103295
ip_105095,dev_100743
ip_105096,dev_103372
ip_105100,dev_102451
ip_105101,dev_100703
ip_105102,dev_103319
ip_105103,dev_102943
ip_105103,dev_102944
ip_105103,dev_102945
ip_105105,dev_103077
ip_105106,dev_103138
ip_105110,dev_102909
ip_105114,dev_102234
ip_105115,dev_101273
ip_105116,dev_101132
ip_105117,dev_100517
ip_105118,dev_100139
ip_105119,dev_101944
ip_105121,dev_102026
ip_105122,dev_100360
ip_105124,dev_100700
ip_105126,dev_103127
ip_105128,dev_103700
ip_105129,dev_103467
ip_105132,dev_100452
ip_105137,dev_103356
ip_105138,dev_103619
ip_105138,dev_103621
ip_105139,dev_100669
ip_105147,dev_101294
ip_105149,dev_103869
ip_105150,dev_102780
ip_105151,dev_100456
ip_105153,dev_100540
ip_105154,dev_100794
ip_105160,dev_103631
ip_105162,dev_103250
ip_105163,dev_103807
ip_105169,dev_101156
ip_105170,dev_101395
ip_105171,dev_103854
ip_105173,dev_100667
ip_105174,dev_100439
ip_105177,dev_100418
ip_105177,dev_102014
ip_105177,dev_102479
ip_105177,dev_103706
ip_105177,dev_103861
ip_105178,dev_100615
ip_105179,dev_100012
ip_105180,dev_101062
ip_105182,dev_100531
ip_105182,dev_102431
ip_105182,dev_103472
ip_105186,dev_101658
ip_105187,dev_102294
ip_105191,dev_100590
ip_105192,dev_101789
ip_105193,dev_100147
ip_105195,dev_100406
ip_105196,dev_100126
ip_105197,dev_102519
ip_105198,dev_100102
ip_105199,dev_103180
ip_105204,dev_101582
ip_105204,dev_101584
ip_105205,dev_102382
ip_105207,dev_102540
ip_105208,dev_101715
ip_105212,dev_101201
ip_105214,dev_101985
ip_105215,dev_101141
ip_105225,dev_100860
ip_105234,dev_100115
ip_105235,dev_100046
ip_105236,dev_103620
ip_105237,dev_101815
ip_105239,dev_100695
ip_105240,dev_102783
ip_105246,dev_101264
ip_105248,dev_100486
ip_105253,dev_103287
ip_105258,dev_103189
ip_105260,dev_102449
ip_105262,dev_101612
ip_105263,dev_103147
ip_105264,dev_101727
ip_105266,dev_103169
ip_105268,dev_102541
ip_105269,dev_100544
ip_105270,dev_103345
ip_105271,dev_103562
ip_105272,dev_101293
ip_105273,dev_101687
ip_105274,dev_103526
ip_105277,dev_101920
ip_105279,dev_102078
ip_105280,dev_100141
ip_105281,dev_102355
ip_105283,dev_102321
ip_105284,dev_102529
ip_105285,dev_101411
ip_105286,dev_101028
ip_105286,dev_101030
ip_105287,dev_101704
ip_105289,dev_101298
ip_105294,dev_101382
ip_105296,dev_100914
ip_105297,dev_102919
ip_105298,dev_103482
ip_105302,dev_103382
ip_105308,dev_103450
ip_105310,dev_101666
ip_105311,dev_102757
ip_105314,dev_103101
ip_105316,dev_102436
ip_105317,dev_102930
ip_105318,dev_102448
ip_105320,dev_100435
ip_105321,dev_103379
ip_105322,dev_103749
ip_105324,dev_101451
ip_105326,dev_101923
ip_105328,dev_103331
ip_105335,dev_102408
ip_105336,dev_100499
ip_105337,dev_103533
ip_105338,dev_103606
ip_105339,dev_101164
ip_105341,dev_101001
ip_105343,dev_103888
ip_105344,dev_103067
ip_105346,dev_103342
ip_105348,dev_100179
ip_105350,dev_101949
ip_105351,dev_102905
ip_105352,dev_100857
ip_105353,dev_101490
ip_105356,dev_100247
ip_105358,dev_103354
ip_105365,dev_103727
ip_105366,dev_100389
ip_105367,dev_100520
ip_105368,dev_101905
ip_105369,dev_100103
ip_105372,dev_101694
ip_105373,dev_100130
ip_105380,dev_101803
ip_105385,dev_102920
ip_105387,dev_103645
ip_105395,dev_102955
ip_105396,dev_101877
ip_105397,dev_100209
ip_105398,dev_101668
ip_105402,dev_102110
ip_105404,dev_102126
ip_105405,dev_102120
ip_105406,dev_100790
ip_105407,dev_100431
ip_105408,dev_101966
ip_105409,dev_100562
ip_105410,dev_100101
ip_105411,dev_102128
ip_105415,dev_100054
ip_105416,dev_103316
ip_105417,dev_101744
ip_105418,dev_103743
ip_105419,dev_102676
ip_105421,dev_103858
ip_105426,dev_103364
ip_105427,dev_101310
ip_105428,dev_101081
ip_105433,dev_101143
ip_105437,dev_103694
ip_105438,dev_102276
ip_105442,dev_101093
ip_105446,dev_101260
ip_105450,dev_100328
ip_105451,dev_101579
ip_105455,dev_100395
ip_105456,dev_102752
ip_105457,dev_101731
ip_105461,dev_100143
ip_105464,dev_103025
ip_105465,dev_100057
ip_105467,dev_103775
ip_105468,dev_102308
ip_105470,dev_101064
ip_105471,dev_103222
ip_105472,dev_102852
ip_105477,dev_102880
ip_105478,dev_100891
ip_105480,dev_102367
ip_105485,dev_102068
ip_105485,dev_102069
ip_105487,dev_101537
ip_105488,dev_102171
ip_105489,dev_102814
ip_105490,dev_103865
ip_105492,dev_102605
ip_105494,dev_100119
ip_105496,dev_103761
ip_105498,dev_101532
ip_105500,dev_102330
ip_105501,dev_100136
ip_105505,dev_100032
ip_105509,dev_101746
ip_105513,dev_103597
ip_105514,dev_100008
ip_105515,dev_100848
ip_105518,dev_102066
ip_105518,dev_103216
ip_105518,dev_103247
ip_105518,dev_103463
ip_105520,dev_100716
ip_105525,dev_102962
ip_105527,dev_103383
ip_105528,dev_101577
ip_105529,dev_103763
ip_105531,dev_100720
ip_105533,dev_102370
ip_105537,dev_102072
ip_105538,dev_100044
ip_105540,dev_100045
ip_105542,dev_100024
ip_105543,dev_101933
ip_105544,dev_101736
ip_105545,dev_100682
ip_105546,dev_100859
ip_105547,dev_100850
ip_105549,dev_102654
ip_105550,dev_100208
ip_105551,dev_102450
ip_105552,dev_100325
ip_105554,dev_102778
ip_105555,dev_102465
ip_105556,dev_100979
ip_105559,dev_103741
ip_105561,dev_103817
ip_105562,dev_102189
ip_105565,dev_100145
ip_105566,dev_103818
ip_105567,dev_103365
ip_105571,dev_100127
ip_105572,dev_102439
ip_105574,dev_101898
ip_105575,dev_102480
ip_105577,dev_102989
ip_105580,dev_102421
ip_105582,dev_102061
ip_105584,dev_103527
ip_105585,dev_101840
ip_105587,dev_103625
ip_105588,dev_100113
ip_105592,dev_101031
ip_105594,dev_103183
ip_105596,dev_100629