user_id,device_id
user_103105,dev_103891
user_103106,dev_103892
user_103106,dev_103893
user_103107,dev_103894
user_103108,dev_103895
user_103108,dev_103896
user_103109,dev_103897
user_103110,dev_103898
user_103111,dev_103899
user_103111,dev_103900
user_103112,dev_103901
user_103112,dev_103902
user_103113,dev_103903
user_103113,dev_103904
user_103114,dev_103905
user_103115,dev_103906
user_103116,dev_103907
user_103117,dev_103908
user_103118,dev_103909
user_103119,dev_103910
user_103120,dev_103911
user_103121,dev_103912
user_103122,dev_103913
user_103123,dev_103914
user_103124,dev_103915
user_103125,dev_103916
user_103126,dev_103917
user_103127,dev_103918
user_103128,dev_103919
user_103129,dev_103920
user_103130,dev_103921
user_103131,dev_103922
user_103132,dev_103923
user_103133,dev_103924
user_103133,dev_103925
user_103134,dev_103926
user_103135,dev_103927
user_103136,dev_103928
user_103137,dev_103929
user_103138,dev_103930
user_103139,dev_103931
user_103140,dev_103932
user_103140,dev_103933
user_103140,dev_103934
user_103141,dev_103935
user_103142,dev_103936
user_103142,dev_103937
user_103143,dev_103938
user_103144,dev_103939
user_103144,dev_103940
user_103144,dev_103941
user_103144,dev_103942
user_103144,dev_103943
user_103144,dev_103944
user_103144,dev_103945
user_103144,dev_103946
user_103144,dev_103947
user_103144,dev_103948
user_103144,dev_103949
user_103144,dev_103950
user_103145,dev_103951
user_103146,dev_103952
user_103147,dev_103953
user_103148,dev_103954
user_103149,dev_103955
user_103150,dev_103956
user_103151,dev_103957
user_103152,dev_103958
user_103153,dev_103959
user_103154,dev_103960
user_103155,dev_103961
user_103156,dev_103962
user_103157,dev_103963
user_103157,dev_103964
user_103158,dev_103965
user_103159,dev_103966
user_103160,dev_103967
user_103161,dev_103968
user_103162,dev_103969
user_103163,dev_103970
user_103164,dev_103971
user_103165,dev_103972
user_103165,dev_103973
user_103165,dev_103974
user_103165,dev_103975
user_103165,dev_103976
user_103165,dev_103977
user_103165,dev_103978
user_103165,dev_103979
user_103165,dev_103980
user_103165,dev_103981
user_103165,dev_103982
user_103165,dev_103983
user_103165,dev_103984
user_103165,dev_103985
user_103166,dev_103986
user_103167,dev_103987
user_103167,dev_103988
user_103167,dev_103989
user_103167,dev_103990
user_103167,dev_103991
user_103167,dev_103992
user_103167,dev_103993
user_103168,dev_103994
user_103169,dev_103995
user_103170,dev_103996
user_103171,dev_103997
user_103172,dev_103998
user_103173,dev_103999
user_103174,dev_104000
user_103175,dev_104001
user_103176,dev_104002
user_103177,dev_104003
user_103178,dev_104004
user_103179,dev_104005
user_103180,dev_104006
user_103180,dev_104007
user_103180,dev_104008
user_103180,dev_104009
user_103180,dev_104010
user_103181,dev_104011
user_103182,dev_104012
user_103183,dev_104013
user_103184,dev_104014
user_103185,dev_104015
user_103186,dev_104016
user_103187,dev_104017
user_103188,dev_104018
user_103189,dev_104019
user_103189,dev_104020
user_103189,dev_104021
user_103189,dev_103940
user_103190,dev_104022
user_103191,dev_104023
user_103192,dev_104024
user_103193,dev_104025
user_103194,dev_104026
user_103195,dev_104027
user_103196,dev_104028
user_103196,dev_104029
user_103197,dev_104030
user_103197,dev_104031
user_103198,dev_104032
user_103199,dev_104033
user_103200,dev_104034
user_103201,dev_104035
user_103201,dev_104036
user_103201,dev_104037
user_103201,dev_104038
user_103201,dev_104039
user_103201,dev_104040
user_103201,dev_104041
user_103201,dev_104042
user_103201,dev_104043
user_103201,dev_104044
user_103201,dev_104045
user_103201,dev_104046
user_103201,dev_104047
user_103201,dev_104048
user_103202,dev_104049
user_103203,dev_104050
user_103204,dev_104051
user_103205,dev_104052
user_103206,dev_104053
user_103207,dev_104054
user_103208,dev_104055
user_103209,dev_104056
user_103210,dev_104057
user_103211,dev_104058
user_103211,dev_104059
user_103212,dev_104060
user_103213,dev_104061
user_103214,dev_104062
user_103215,dev_104063
user_103216,dev_104064
user_103217,dev_104065
user_103218,dev_104066
user_103219,dev_104067
user_103220,dev_104068
user_103221,dev_104069
user_103222,dev_104070
user_103223,dev_104071
user_103224,dev_104072
user_103225,dev_104073
user_103226,dev_104074
user_103227,dev_104075
user_103228,dev_104076
user_103229,dev_104077
user_103229,dev_104078
user_103229,dev_104079
user_103230,dev_104080
user_103230,dev_104081
user_103230,dev_104082
user_103230,dev_104083
user_103231,dev_104084
user_103232,dev_104085
user_103233,dev_104086
user_103233,dev_104087
user_103233,dev_104088
user_103233,dev_104089
user_103233,dev_104090
user_103233,dev_104091
user_103233,dev_104092
user_103234,dev_104093
user_103235,dev_104094
user_103236,dev_104095
user_103237,dev_104096
user_103238,dev_104097
user_103239,dev_104098
user_103240,dev_104099
user_103241,dev_104100
user_103242,dev_104101
user_103243,dev_104102
user_103244,dev_104103
user_103245,dev_104104
user_103245,dev_104105
user_103246,dev_104106
user_103247,dev_104107
user_103248,dev_104108
user_103249,dev_104109
user_103250,dev_104110
user_103251,dev_104111
user_103252,dev_104112
user_103253,dev_104113
user_103254,dev_104114
user_103255,dev_104115
user_103256,dev_104116
user_103257,dev_104117
user_103258,dev_104118
user_103259,dev_104119
user_103260,dev_104120
user_103260,dev_104121
user_103260,dev_104122
user_103261,dev_104123
user_103261,dev_104124
user_103261,dev_104125
user_103262,dev_104126
user_103263,dev_104127
user_103264,dev_104128
user_103265,dev_104129
user_103266,dev_104130
user_103267,dev_104131
user_103268,dev_104132
user_103269,dev_104133
user_103270,dev_104134
user_103270,dev_104135
user_103271,dev_104136
user_103272,dev_104137
user_103273,dev_104105
user_103274,dev_104138
user_103275,dev_104139
user_103276,dev_104140
user_103277,dev_104141
user_103278,dev_104142
user_103279,dev_104143
user_103280,dev_104144
user_103281,dev_104145
user_103282,dev_104146
user_103283,dev_104147
user_103284,dev_104148
user_103284,dev_104149
user_103285,dev_104150
user_103285,dev_104151
user_103285,dev_104152
user_103285,dev_104153
user_103286,dev_104154
user_103286,dev_104155
user_103287,dev_104156
user_103287,dev_104157
user_103287,dev_104158
user_103287,dev_104159
user_103287,dev_104160
user_103288,dev_104161
user_103289,dev_104162
user_103290,dev_104163
user_103291,dev_104164
user_103292,dev_104165
user_103293,dev_104166
user_103294,dev_104167
user_103295,dev_104168
user_103296,dev_104169
user_103297,dev_104170
user_103298,dev_104171
user_103299,dev_104172
user_103300,dev_104173
user_103300,dev_104174
user_103301,dev_104175
user_103302,dev_104176
user_103302,dev_104177
user_103303,dev_104178
user_103304,dev_104179
user_103305,dev_104180
user_103306,dev_104181
user_103307,dev_104182
user_103308,dev_104183
user_103309,dev_104184
user_103310,dev_104185
user_103311,dev_104186
user_103312,dev_104187
user_103312,dev_104188
user_103313,dev_104189
user_103314,dev_104190
user_103315,dev_104191
user_103316,dev_104192
user_103317,dev_104193
user_103318,dev_104194
user_103319,dev_104195
user_103320,dev_104196
user_103321,dev_104197
user_103322,dev_104198
user_103323,dev_104199
user_103324,dev_104200
user_103324,dev_104201
user_103324,dev_104202
user_103325,dev_104203
user_103325,dev_104204
user_103326,dev_104205
user_103327,dev_104206
user_103328,dev_104207
user_103329,dev_104208
user_103330,dev_104209
user_103330,dev_104210
user_103331,dev_104211
user_103332,dev_104212
user_103333,dev_104213
user_103334,dev_104214
user_103335,dev_104215
user_103336,dev_104216
user_103337,dev_104217
user_103338,dev_104218
user_103339,dev_104219
user_103339,dev_104220
user_103340,dev_104221
user_103341,dev_104222
user_103342,dev_104223
user_103343,dev_104224
user_103344,dev_104225
user_103345,dev_104226
user_103346,dev_104227
user_103347,dev_104228
user_103347,dev_104229
user_103347,dev_104230
user_103347,dev_104231
user_103348,dev_104232
user_103349,dev_104233
user_103350,dev_104234
user_103351,dev_104235
user_103352,dev_104236
user_103353,dev_104237
user_103354,dev_104238
user_103355,dev_104239
user_103356,dev_104240
user_103357,dev_104241
user_103358,dev_104242
user_103359,dev_104243
user_103360,dev_104244
user_103361,dev_104163
user_103362,dev_104245
user_103363,dev_104246
user_103364,dev_104247
user_103365,dev_104248
user_103366,dev_104249
user_103367,dev_104250
user_103368,dev_104251
user_103369,dev_104252
user_103370,dev_104253
user_103370,dev_104254
user_103371,dev_104255
user_103371,dev_104256
user_103372,dev_104257
user_103373,dev_104258
user_103374,dev_104259
user_103374,dev_104260
user_103374,dev_104261
user_103375,dev_104262
user_103376,dev_104263
user_103377,dev_104264
user_103377,dev_104265
user_103378,dev_104266
user_103379,dev_104267
user_103380,dev_104268
user_103381,dev_104269
user_103382,dev_104270
user_103383,dev_104271
user_103383,dev_104272
user_103383,dev_104273
user_103384,dev_104274
user_103385,dev_104275
user_103385,dev_104276
user_103385,dev_104277
user_103385,dev_104278
user_103385,dev_104279
user_103386,dev_104280
user_103387,dev_104281
user_103388,dev_104282
user_103389,dev_104283
user_103389,dev_104284
user_103390,dev_104285
user_103391,dev_104286
user_103392,dev_104287
user_103393,dev_104288
user_103394,dev_104289
user_103395,dev_104290
user_103396,dev_104291
user_103397,dev_104292
user_103398,dev_104293
user_103399,dev_104294
user_103400,dev_104295
user_103401,dev_104296
user_103402,dev_104297
user_103403,dev_104298
user_103404,dev_104299
user_103405,dev_104300
user_103406,dev_104301
user_103407,dev_104302
user_103408,dev_104303
user_103409,dev_104304
user_103410,dev_104305
user_103411,dev_104306
user_103412,dev_104307
user_103413,dev_104308
user_103414,dev_104309
user_103415,dev_104310
user_103416,dev_104311
user_103417,dev_104312
user_103418,dev_104313
user_103419,dev_104314
user_103420,dev_104315
user_103420,dev_104316
user_103420,dev_104317
user_103420,dev_104318
user_103420,dev_104319
user_103420,dev_104320
user_103420,dev_104321
user_103420,dev_104322
user_103420,dev_104323
user_103420,dev_104324
user_103420,dev_104325
user_103420,dev_104326
user_103420,dev_104327
user_103420,dev_104328
user_103420,dev_104329
user_103420,dev_104330
user_103420,dev_104331
user_103420,dev_104332
user_103420,dev_104333
user_103420,dev_104334
user_103420,dev_104335
user_103420,dev_104336
user_103420,dev_104337
user_103420,dev_104338
user_103420,dev_104339
user_103420,dev_104340
user_103420,dev_104341
user_103420,dev_104342
user_103420,dev_104343
user_103420,dev_104344
user_103420,dev_104345
user_103420,dev_104346
user_103420,dev_104347
user_103420,dev_104348
user_103420,dev_104349
user_103420,dev_104350
user_103420,dev_104351
user_103420,dev_104352
user_103420,dev_104353
user_103420,dev_104354
user_103420,dev_104355
user_103420,dev_104356
user_103420,dev_104357
user_103420,dev_104358
user_103420,dev_104359
user_103420,dev_104360
user_103420,dev_104361
user_103420,dev_104362
user_103420,dev_104363
user_103420,dev_104364
user_103420,dev_104365
user_103420,dev_104366
user_103420,dev_104367
user_103420,dev_104368
user_103420,dev_104369
user_103420,dev_104370
user_103420,dev_104371
user_103420,dev_104372
user_103420,dev_104373
user_103420,dev_104374
user_103420,dev_104375
user_103420,dev_104376
user_103421,dev_104101
user_103422,dev_104377
user_103423,dev_104378
user_103424,dev_104379
user_103425,dev_104380
user_103426,dev_104381
user_103427,dev_104382
user_103428,dev_104383
user_103429,dev_104384
user_103430,dev_104385
user_103431,dev_104386
user_103432,dev_104387
user_103433,dev_104388
user_103434,dev_104389
user_103435,dev_104390
user_103436,dev_104391
user_103437,dev_104392
user_103438,dev_104393
user_103439,dev_104394
user_103440,dev_104395
user_103440,dev_104396
user_103441,dev_104397
user_103441,dev_104398
user_103442,dev_104399
user_103443,dev_104400
user_103444,dev_104401
user_103445,dev_104402
user_103446,dev_104403
user_103447,dev_104404
user_103448,dev_104405
user_103449,dev_104406
user_103450,dev_104407
user_103451,dev_104408
user_103452,dev_104409
user_103452,dev_104410
user_103453,dev_104411
user_103454,dev_104412
user_103455,dev_104413
user_103456,dev_104414
user_103457,dev_104415
user_103457,dev_104416
user_103457,dev_104417
user_103458,dev_104418
user_103459,dev_104419
user_103460,dev_104420
user_103461,dev_104421
user_103462,dev_104422
user_103462,dev_104423
user_103462,dev_104424
user_103462,dev_104425
user_103462,dev_104426
user_103463,dev_104427
user_103464,dev_104428
user_103465,dev_104429
user_103466,dev_104430
user_103466,dev_104431
user_103467,dev_104432
user_103468,dev_104433
user_103469,dev_104434
user_103470,dev_104435
user_103471,dev_104436
user_103472,dev_104437
user_103473,dev_104438
user_103474,dev_104439
user_103475,dev_104440
user_103476,dev_104441
user_103476,dev_104442
user_103477,dev_104443
user_103478,dev_104444
user_103479,dev_104445
user_103480,dev_104446
user_103481,dev_104447
user_103482,dev_104448
user_103483,dev_104449
user_103484,dev_104450
user_103485,dev_104451
user_103486,dev_104452
user_103487,dev_104453
user_103488,dev_104454
user_103489,dev_104455
user_103490,dev_104456
user_103490,dev_104457
user_103491,dev_104458
user_103492,dev_104459
user_103493,dev_104460
user_103494,dev_104461
user_103495,dev_104462
user_103496,dev_104463
user_103497,dev_104464
user_103498,dev_104465
user_103499,dev_104466
user_103500,dev_104467
user_103501,dev_104468
user_103502,dev_104469
user_103503,dev_104470
user_103504,dev_104471
user_103505,dev_104472
user_103506,dev_104473
user_103506,dev_104474
user_103507,dev_104475
user_103507,dev_104476
user_103507,dev_104477
user_103507,dev_104478
user_103508,dev_104479
user_103509,dev_104480
user_103509,dev_104481
user_103510,dev_104482
user_103511,dev_104483
user_103512,dev_104484
user_103513,dev_104485
user_103514,dev_104486
user_103515,dev_104487
user_103516,dev_104488
user_103517,dev_104489
user_103517,dev_104490
user_103518,dev_104491
user_103519,dev_104492
user_103520,dev_104493
user_103521,dev_104494
user_103522,dev_104495
user_103523,dev_104496
user_103524,dev_104497
user_103525,dev_104498
user_103526,dev_104499
user_103526,dev_104500
user_103526,dev_104501
user_103527,dev_104502
user_103528,dev_104503
user_103529,dev_104504
user_103530,dev_104505
user_103531,dev_104506
user_103532,dev_104507
user_103533,dev_104508
user_103533,dev_104509
user_103533,dev_104510
user_103534,dev_104511
user_103535,dev_104512
user_103536,dev_104513
user_103537,dev_104514
user_103538,dev_104515
user_103539,dev_104516
user_103540,dev_104517
user_103541,dev_104518
user_103542,dev_104519
user_103543,dev_104520
user_103544,dev_104521
user_103545,dev_104522
user_103546,dev_104523
user_103547,dev_104524
user_103547,dev_104525
user_103548,dev_104526
user_103549,dev_104527
user_103550,dev_104528
user_103551,dev_104529
user_103552,dev_104530
user_103552,dev_104531
user_103552,dev_104532
user_103552,dev_104533
user_103552,dev_104534
user_103552,dev_104535
user_103552,dev_104536
user_103552,dev_104537
user_103552,dev_104538
user_103552,dev_104539
user_103552,dev_104540
user_103552,dev_104541
user_103553,dev_104542
user_103554,dev_104543
user_103555,dev_104544
user_103555,dev_104545
user_103556,dev_104546
user_103557,dev_104547
user_103558,dev_104548
user_103559,dev_104549
user_103560,dev_104550
user_103561,dev_104163
user_103562,dev_104551
user_103563,dev_104552
user_103564,dev_104553
user_103564,dev_104554
user_103565,dev_104555
user_103566,dev_104556
user_103566,dev_104557
user_103566,dev_104558
user_103566,dev_104559
user_103567,dev_104560
user_103568,dev_104561
user_103569,dev_104562
user_103569,dev_104563
user_103570,dev_104564
user_103571,dev_104565
user_103572,dev_104566
user_103573,dev_104567
user_103574,dev_104568
user_103575,dev_104569
user_103575,dev_104570
user_103575,dev_104571
user_103576,dev_104572
user_103577,dev_104573
user_103578,dev_104574
user_103579,dev_104575
user_103580,dev_104576
user_103581,dev_104577
user_103582,dev_104578
user_103583,dev_104579
user_103584,dev_104580
user_103585,dev_104581
user_103586,dev_104582
user_103587,dev_104583
user_103588,dev_104584
user_103589,dev_104585
user_103590,dev_104586
user_103591,dev_104587
user_103592,dev_104588
user_103593,dev_104589
user_103594,dev_104590
user_103595,dev_104591
user_103596,dev_104592
user_103597,dev_104593
user_103598,dev_104594
user_103599,dev_104595
user_103600,dev_104596
user_103601,dev_104597
user_103602,dev_104598
user_103603,dev_104599
user_103604,dev_104600
user_103605,dev_104601
user_103605,dev_104602
user_103605,dev_104603
user_103605,dev_104604
user_103605,dev_104605
user_103605,dev_104606
user_103605,dev_104607
user_103605,dev_104608
user_103605,dev_104609
user_103605,dev_104610
user_103605,dev_104611
user_103605,dev_104612
user_103605,dev_104613
user_103605,dev_104614
user_103606,dev_104615
user_103607,dev_104616
user_103608,dev_104617
user_103609,dev_104618
user_103610,dev_104619
user_103611,dev_104620
user_103612,dev_104621
user_103613,dev_104622
user_103614,dev_104623
user_103615,dev_104624
user_103616,dev_104281
user_103617,dev_104625
user_103617,dev_104626
user_103618,dev_104627
user_103618,dev_104628
user_103618,dev_104629
user_103619,dev_104630
user_103619,dev_104631
user_103620,dev_104632
user_103621,dev_104633
user_103622,dev_104634
user_103623,dev_104635
user_103624,dev_104636
user_103625,dev_104637
user_103626,dev_104638
user_100568,dev_104162
user_103627,dev_104639
user_103627,dev_104640
user_103627,dev_104641
user_103628,dev_104642
user_103629,dev_104643
user_103630,dev_104644
user_103631,dev_104645
user_103632,dev_104646
user_103632,dev_104647
user_103632,dev_104648
user_103633,dev_104649
user_103634,dev_104650
user_103635,dev_104651
user_103636,dev_104652
user_103637,dev_104653
user_103638,dev_104654
user_103639,dev_104655
user_103640,dev_104656
user_103641,dev_104657
user_103642,dev_104658
user_103643,dev_104659
user_103644,dev_104660
user_103645,dev_104661
user_103646,dev_104662
user_103647,dev_104663
user_100585,dev_104664
user_100585,dev_104665
user_100585,dev_104666
user_100585,dev_104667
user_100585,dev_104668
user_100585,dev_104669
user_100585,dev_104670
user_100585,dev_104671
user_100585,dev_104672
user_100585,dev_104673
user_100585,dev_104674
user_100585,dev_104675
user_100585,dev_104676
user_100585,dev_104677
user_100585,dev_104678
user_100585,dev_104679
user_100585,dev_104680
user_100585,dev_104681
user_100585,dev_104682
user_103648,dev_104683
user_103649,dev_104684
user_103650,dev_104685
user_103651,dev_104686
user_103652,dev_104687
user_103653,dev_104688
user_103654,dev_104689
user_103655,dev_104690
user_103655,dev_104691
user_103656,dev_104279
user_103657,dev_104692
user_103658,dev_104693
user_103659,dev_104694
user_103660,dev_104695
user_103660,dev_104696
user_103661,dev_104697
user_103662,dev_104698
user_103663,dev_104699
user_103664,dev_104700
user_103665,dev_104701
user_103666,dev_104702
user_103667,dev_104703
user_103668,dev_104704
user_103669,dev_104705
user_103670,dev_104706
user_103671,dev_104707
user_103672,dev_104708
user_103673,dev_104709
user_103673,dev_104710
user_103674,dev_104711
user_103675,dev_104712
user_103676,dev_104713
user_103677,dev_104714
user_103678,dev_104715
user_103679,dev_104716
user_103680,dev_104717
user_103681,dev_104163
user_103682,dev_104718
user_103683,dev_104719
user_103684,dev_104720
user_103685,dev_104721
user_103686,dev_104722
user_103687,dev_104723
user_103687,dev_104724
user_103688,dev_104725
user_103689,dev_104726
user_103690,dev_104727
user_103691,dev_104728
user_103692,dev_104163
user_103693,dev_104729
user_103693,dev_104730
user_103694,dev_104731
user_103695,dev_104732
user_103696,dev_104733
user_103697,dev_104448
user_103698,dev_104734
user_103698,dev_104735
user_103699,dev_104736
user_103700,dev_104737
user_103701,dev_104738
user_103702,dev_104739
user_103703,dev_104740
user_103704,dev_104604
user_103705,dev_104741
user_103706,dev_104742
user_103707,dev_104743
user_103708,dev_104744
user_103709,dev_104745
user_103709,dev_104746
user_103710,dev_104747
user_103711,dev_104748
user_103712,dev_104749
user_103713,dev_104750
user_103714,dev_104751
user_103715,dev_104752
user_103716,dev_104753
user_103717,dev_104754
user_103718,dev_104755
user_103719,dev_104756
user_103720,dev_104757
user_103721,dev_104758
user_103722,dev_104759
user_103722,dev_104760
user_103723,dev_104761
user_103723,dev_104762
user_103724,dev_104763
user_103725,dev_104163
user_103726,dev_104764
user_103727,dev_104765
user_103728,dev_104766
user_103729,dev_104767
user_103730,dev_104768
user_103731,dev_104769
user_103732,dev_104770
user_103733,dev_104771
user_103734,dev_104772
user_103735,dev_104773
user_103736,dev_104774
user_103737,dev_104775
user_103738,dev_104776
user_103739,dev_104777
user_103739,dev_104778
user_103739,dev_104779
user_103739,dev_104780
user_103739,dev_104781
user_103739,dev_104782
user_103739,dev_104783
user_103739,dev_104784
user_103739,dev_104785
user_103739,dev_104786
user_103740,dev_104787
user_103741,dev_104544
user_103741,dev_104545
user_103742,dev_104788
user_103743,dev_104789
user_103744,dev_104790
user_103745,dev_104791
user_103746,dev_104792
user_103747,dev_104793
user_103748,dev_104794
user_103749,dev_104795
user_103750,dev_104796
user_103751,dev_104797
user_103752,dev_104798
user_103753,dev_104799
user_103754,dev_104800
user_103754,dev_104801
user_103754,dev_104802
user_103755,dev_104803
user_103756,dev_104804
user_103756,dev_104805
user_103757,dev_104806
user_103757,dev_104807
user_103757,dev_104808
user_103757,dev_104809
user_103758,dev_104810
user_103759,dev_104811
user_103760,dev_104812
user_103761,dev_104813
user_103762,dev_104814
user_103763,dev_104815
user_103763,dev_104816
user_103763,dev_104817
user_100735,dev_104277
user_103764,dev_104818
user_103765,dev_104819
user_103765,dev_104820
user_103766,dev_104821
user_103767,dev_104822
user_103767,dev_104823
user_103767,dev_104824
user_103768,dev_104825
user_103769,dev_104826
user_103770,dev_104827
user_103771,dev_104828
user_103772,dev_104829
user_103773,dev_104830
user_103774,dev_104831
user_103774,dev_104832
user_103775,dev_104833
user_103776,dev_104834
user_103777,dev_104835
user_103778,dev_104836
user_103779,dev_104837
user_103780,dev_104838
user_103781,dev_104839
user_103781,dev_104840
user_103782,dev_104841
user_103783,dev_104842
user_103784,dev_104843
user_103785,dev_104844
user_103786,dev_104845
user_103787,dev_104846
user_103788,dev_104847
user_103789,dev_104848
user_103789,dev_104849
user_103790,dev_104850
user_103791,dev_104851
user_103792,dev_104852
user_103792,dev_104853
user_103793,dev_103995
user_103794,dev_104854
user_103795,dev_104855
user_103796,dev_104856
user_103797,dev_104857
user_103798,dev_104858
user_103799,dev_104859
user_103800,dev_104860
user_103801,dev_104861
user_103802,dev_104862
user_103803,dev_104863
user_103804,dev_104864
user_103805,dev_104820
user_103806,dev_104865
user_103807,dev_104866
user_103808,dev_104867
user_103809,dev_104868
user_103810,dev_104869
user_103811,dev_104870
user_103812,dev_104871
user_103813,dev_104872
user_103814,dev_104873
user_103815,dev_104874
user_103816,dev_104875
user_103817,dev_104876
user_103818,dev_104877
user_103819,dev_104878
user_103820,dev_104879
user_103821,dev_104880
user_103822,dev_104881
user_103823,dev_104882
user_103823,dev_104883
user_103824,dev_104884
user_103825,dev_104885
user_103826,dev_104886
user_103827,dev_104887
user_103828,dev_104888
user_103829,dev_104889
user_103830,dev_104890
user_103831,dev_104891
user_103832,dev_104892
user_103832,dev_104893
user_103832,dev_104894
user_103832,dev_104895
user_103832,dev_104896
user_103832,dev_104897
user_103832,dev_104898
user_103832,dev_104899
user_103833,dev_104900
user_103834,dev_104901
user_103835,dev_104902
user_103836,dev_104903
user_103837,dev_104904
user_103838,dev_104905
user_103839,dev_104906
user_103840,dev_104907
user_103841,dev_104908
user_103842,dev_104909
user_103843,dev_104910
user_103844,dev_104911
user_103845,dev_104912
user_103846,dev_104913
user_103847,dev_104914
user_103848,dev_104915
user_103849,dev_104916
user_103850,dev_104917
user_103851,dev_104918
user_103851,dev_104919
user_103852,dev_104920
user_103852,dev_104921
user_103853,dev_104922
user_103854,dev_104923
user_103855,dev_104924
user_103856,dev_104925
user_103857,dev_104926
user_103858,dev_104927
user_103859,dev_104928
user_103860,dev_104507
user_103861,dev_104929
user_103861,dev_104930
user_103861,dev_104931
user_103861,dev_104932
user_103861,dev_104933
user_103861,dev_104934
user_103861,dev_104935
user_103861,dev_104936
user_103862,dev_104937
user_103863,dev_104938
user_103864,dev_104939
user_103865,dev_104940
user_103866,dev_104941
user_103867,dev_104942
user_103868,dev_104943
user_103869,dev_104944
user_103870,dev_104277
user_103871,dev_104945
user_103872,dev_104946
user_103873,dev_104947
user_103874,dev_104948
user_103875,dev_104576
user_103876,dev_104949
user_103877,dev_104950
user_103878,dev_104951
user_103878,dev_104952
user_103879,dev_104953
user_103880,dev_104954
user_103881,dev_104955
user_103882,dev_104956
user_103883,dev_104957
user_103884,dev_104958
user_103885,dev_104959
user_103886,dev_104960
user_103887,dev_104961
user_103888,dev_104962
user_103889,dev_104963
user_103890,dev_104964
user_103890,dev_104965
user_103890,dev_104966
user_103890,dev_104967
user_103891,dev_104968
user_103892,dev_104969
user_103893,dev_104104
user_103894,dev_104970
user_100858,dev_104971
user_103895,dev_104972
user_103896,dev_104973
user_103897,dev_104974
user_103898,dev_104975
user_103899,dev_104976
user_103899,dev_104977
user_103899,dev_104978
user_103899,dev_104979
user_103899,dev_104980
user_103899,dev_104981
user_103899,dev_104982
user_103899,dev_104983
user_103899,dev_104984
user_103900,dev_104985
user_103901,dev_104986
user_100864,dev_103995
user_103902,dev_104987
user_103903,dev_104988
user_103904,dev_104989
user_103905,dev_104990
user_103906,dev_104991
user_103907,dev_104992
user_103908,dev_104993
user_103909,dev_104163
user_103910,dev_104994
user_103911,dev_104995
user_103912,dev_104996
user_103913,dev_104997
user_103914,dev_104998
user_103915,dev_104999
user_103916,dev_105000
user_103917,dev_105001
user_103918,dev_105002
user_103919,dev_105003
user_103920,dev_105004
user_103921,dev_105005
user_103922,dev_105006
user_103923,dev_105007
user_103924,dev_105008
user_103925,dev_105009
user_103926,dev_105010
user_103927,dev_105011
user_103928,dev_105012
user_103929,dev_105013
user_103929,dev_105014
user_103930,dev_105015
user_103931,dev_105016
user_103932,dev_105017
user_103933,dev_105018
user_103934,dev_105019
user_103935,dev_105020
user_103936,dev_105021
user_103937,dev_105022
user_103938,dev_105023
user_103939,dev_105024
user_103940,dev_105025
user_103941,dev_105026
user_103942,dev_105027
user_103943,dev_105028
user_103944,dev_105029
user_103945,dev_105030
user_103946,dev_105031
user_103946,dev_105032
user_103946,dev_105033
user_103947,dev_105034
user_103948,dev_105035
user_103948,dev_105036
user_103949,dev_105037
user_103950,dev_105038
user_103951,dev_105039
user_103952,dev_105040
user_103953,dev_105041
user_103954,dev_105042
user_103955,dev_105043
user_103956,dev_105044
user_103957,dev_105045
user_103958,dev_105046
user_103959,dev_105047
user_103960,dev_105048
user_103961,dev_105049
user_103961,dev_105050
user_103962,dev_105051
user_103963,dev_105052
user_103964,dev_105053
user_103965,dev_105054
user_103966,dev_105055
user_103967,dev_105056
user_103968,dev_105057
user_103968,dev_105058
user_103968,dev_105059
user_103969,dev_105060
user_103970,dev_105061
user_103971,dev_105062
user_103972,dev_105063
user_103973,dev_105064
user_103974,dev_105065
user_103975,dev_105066
user_103976,dev_105067
user_103977,dev_105068
user_103977,dev_105069
user_103978,dev_105070
user_103979,dev_105071
user_103980,dev_105072
user_103981,dev_105073
user_103982,dev_105074
user_103983,dev_105075
user_103984,dev_105076
user_103985,dev_105077
user_103986,dev_105078
user_103987,dev_105079
user_103987,dev_105080
user_103987,dev_105081
user_103987,dev_105082
user_103987,dev_105083
user_103987,dev_105084
user_103987,dev_105085
user_103987,dev_105086
user_103987,dev_105087
user_103987,dev_105088
user_103987,dev_105089
user_103987,dev_105090
user_103987,dev_105091
user_103987,dev_105092
user_103987,dev_105093
user_103987,dev_105094
user_103988,dev_105095
user_103989,dev_105096
user_103990,dev_105097
user_103990,dev_105098
user_103991,dev_105099
user_103991,dev_105100
user_103992,dev_105101
user_103993,dev_104623
user_103994,dev_105102
user_103995,dev_105103
user_103996,dev_105104
user_103997,dev_105105
user_103998,dev_105106
user_103999,dev_105107
user_104000,dev_105108
user_104001,dev_105109
user_104002,dev_105110
user_104003,dev_105111
user_104004,dev_105112
user_104005,dev_105113
user_104006,dev_105114
user_104007,dev_105115
user_104008,dev_105116
user_104009,dev_105117
user_104010,dev_105118
user_104011,dev_105119
user_104012,dev_105120
user_104013,dev_105121
user_104014,dev_105122
user_104015,dev_105123
user_104016,dev_105124
user_104017,dev_105125
user_104018,dev_105126
user_104019,dev_105127
user_104020,dev_105128
user_104021,dev_105129
user_104022,dev_105130
user_104023,dev_105131
user_100979,dev_104233
user_104024,dev_105132
user_104025,dev_105133
user_104025,dev_105134
user_104025,dev_105135
user_104025,dev_105136
user_104026,dev_105137
user_104027,dev_105138
user_104028,dev_105139
user_104029,dev_105140
user_104029,dev_105141
user_104029,dev_105142
user_104029,dev_105143
user_104030,dev_105144
user_104031,dev_105145
user_104032,dev_105146
user_104033,dev_105147
user_104034,dev_105148
user_104035,dev_105149
user_104036,dev_105150
user_104037,dev_105151
user_104038,dev_105152
user_104039,dev_105153
user_104040,dev_105154
user_104041,dev_105155
user_104042,dev_105156
user_104042,dev_105157
user_104042,dev_105158
user_104043,dev_105159
user_104044,dev_105160
user_104045,dev_105161
user_104046,dev_105162
user_104047,dev_105163
user_104048,dev_105164
user_104048,dev_105165
user_104048,dev_105166
user_104049,dev_105167
user_104050,dev_105168
user_104051,dev_105169
user_104052,dev_105170
user_104053,dev_105171
user_104054,dev_105172
user_104055,dev_105173
user_104056,dev_105174
user_104057,dev_105175
user_104058,dev_105176
user_104059,dev_105177
user_104060,dev_105178
user_104061,dev_105179
user_104062,dev_105180
user_104063,dev_105181
user_104064,dev_105182
user_104065,dev_104077
user_104066,dev_105183
user_104067,dev_105184
user_104068,dev_105185
user_104069,dev_105186
user_104070,dev_105187
user_104071,dev_105188
user_104072,dev_105189
user_104073,dev_105190
user_104074,dev_105191
user_104074,dev_105192
user_104074,dev_105193
user_104075,dev_105194
user_104076,dev_105195
user_104076,dev_105196
user_104076,dev_105197
user_104076,dev_105198
user_104076,dev_105199
user_104076,dev_105200
user_104076,dev_105201
user_104076,dev_105202
user_104076,dev_105203
user_104076,dev_105204
user_104076,dev_105205
user_104076,dev_105206
user_104077,dev_105207
user_104078,dev_105208
user_104079,dev_105209
user_104080,dev_105210
user_104081,dev_105211
user_104082,dev_105212
user_104083,dev_105213
user_104084,dev_105214
user_104085,dev_105215
user_104086,dev_105216
user_104087,dev_105217
user_104088,dev_105218
user_104089,dev_105219
user_104090,dev_105220
user_104091,dev_105221
user_104092,dev_105222
user_104092,dev_105223
user_104093,dev_105224
user_104093,dev_105225
user_104094,dev_105226
user_104095,dev_105227
user_104095,dev_105228
user_104096,dev_105229
user_104097,dev_105230
user_104098,dev_105231
user_104099,dev_105232
user_104100,dev_105233
user_104101,dev_105234
user_104102,dev_105235
user_104103,dev_105236
user_104104,dev_105237
user_104105,dev_105238
user_104106,dev_105239
user_104107,dev_105240
user_104108,dev_105241
user_104109,dev_105242
user_104109,dev_105243
user_104109,dev_105244
user_104109,dev_105245
user_104109,dev_105246
user_104109,dev_105247
user_104109,dev_105248
user_104109,dev_105249
user_104109,dev_105250
user_104110,dev_105251
user_104111,dev_105252
user_104111,dev_105253
user_104111,dev_105254
user_104111,dev_105255
user_104111,dev_105256
user_104111,dev_105257
user_104111,dev_105258
user_104112,dev_105259
user_104113,dev_105260
user_104113,dev_105261
user_104114,dev_105262
user_104115,dev_105263
user_104116,dev_105264
user_104116,dev_105265
user_104117,dev_105266
user_104118,dev_105267
user_104119,dev_105268
user_104120,dev_105269
user_104121,dev_105270
user_104122,dev_105271
user_104123,dev_105272
user_104124,dev_105273
user_104125,dev_105274
user_104126,dev_105275
user_104127,dev_105276
user_104128,dev_105277
user_104129,dev_105278
user_104130,dev_105279
user_104131,dev_105280
user_104132,dev_105281
user_104132,dev_105282
user_104133,dev_105283
user_104133,dev_105284
user_104133,dev_105285
user_104133,dev_105286
user_104134,dev_105287
user_104135,dev_105288
user_104136,dev_105289
user_104137,dev_105290
user_104138,dev_105291
user_104139,dev_104544
user_104139,dev_104545
user_104140,dev_105292
user_104141,dev_105293
user_104142,dev_105294
user_104143,dev_105295
user_104144,dev_105296
user_104145,dev_105297
user_104146,dev_105298
user_104147,dev_105299
user_104148,dev_105300
user_104149,dev_105301
user_104150,dev_105302
user_104151,dev_105303
user_104152,dev_105304
user_104152,dev_105305
user_104153,dev_105306
user_104154,dev_105307
user_104155,dev_105308
user_104156,dev_105309
user_104157,dev_105310
user_104158,dev_105311
user_104159,dev_105312
user_104160,dev_105313
user_104161,dev_105314
user_104162,dev_105315
user_104163,dev_105316
user_104164,dev_105317
user_104165,dev_105318
user_104166,dev_105319
user_104167,dev_105320
user_104168,dev_105321
user_104169,dev_105322
user_104170,dev_105323
user_104171,dev_105324
user_104172,dev_105325
user_104173,dev_105326
user_104174,dev_105327
user_104175,dev_105328
user_104176,dev_105329
user_104177,dev_105330
user_104178,dev_105331
user_104179,dev_105332
user_104180,dev_104163
user_104181,dev_105333
user_104182,dev_105334
user_104183,dev_105335
user_104184,dev_105336
user_104185,dev_105337
user_104186,dev_105338
user_104187,dev_105339
user_104188,dev_105340
user_104188,dev_105341
user_104189,dev_105342
user_104190,dev_105343
user_104191,dev_105344
user_104192,dev_105345
user_101143,dev_105346
user_104193,dev_105347
user_104194,dev_105348
user_104194,dev_105349
user_104195,dev_105350
user_104196,dev_105351
user_104197,dev_105352
user_104198,dev_105353
user_104199,dev_105354
user_104200,dev_105355
user_104200,dev_105356
user_104200,dev_105357
user_104201,dev_105358
user_104202,dev_105359
user_104203,dev_105360
user_104204,dev_105361
user_104205,dev_105362
user_104206,dev_105363
user_104207,dev_105364
user_104208,dev_105365
user_104209,dev_105366
user_104210,dev_105367
user_104211,dev_105368
user_104211,dev_105369
user_104212,dev_105370
user_104213,dev_105371
user_104214,dev_105372
user_104215,dev_105373
user_104216,dev_105374
user_104217,dev_105375
user_104217,dev_105376
user_104218,dev_105377
user_104219,dev_105378
user_104220,dev_105379
user_104221,dev_105380
user_104222,dev_105381
user_104223,dev_105382
user_104224,dev_104120
user_104225,dev_105383
user_104226,dev_105384
user_104227,dev_105385
user_104228,dev_105386
user_104229,dev_105387
user_104230,dev_105388
user_104231,dev_105389
user_104232,dev_105390
user_104233,dev_105391
user_104234,dev_105392
user_104235,dev_105393
user_104236,dev_105394
user_104237,dev_105395
user_104238,dev_105396
user_104238,dev_105397
user_104239,dev_105398
user_104240,dev_105399
user_104240,dev_105400
user_104241,dev_105401
user_104242,dev_105402
user_104243,dev_105403
user_104244,dev_105404
user_104245,dev_105405
user_104246,dev_105406
user_104247,dev_105407
user_104248,dev_105408
user_104248,dev_105409
user_104249,dev_105410
user_104250,dev_105411
user_104251,dev_105412
user_104252,dev_105413
user_104253,dev_105414
user_104254,dev_105415
user_104255,dev_105416
user_104256,dev_105417
user_104257,dev_105418
user_104258,dev_105419
user_104259,dev_105420
user_104260,dev_105421
user_104261,dev_105422
user_104262,dev_105423
user_104263,dev_105424
user_104264,dev_105425
user_104265,dev_105426
user_104266,dev_105427
user_104267,dev_105428
user_104268,dev_105429
user_104269,dev_105430
user_104269,dev_105431
user_104269,dev_105432
user_104269,dev_105433
user_104269,dev_105434
user_104270,dev_105435
user_104271,dev_105436
user_104272,dev_105437
user_101219,dev_105438
user_101219,dev_105439
user_101219,dev_105440
user_101219,dev_105441
user_101219,dev_105442
user_104273,dev_105443
user_104274,dev_105444
user_104275,dev_105445
user_104276,dev_105446
user_104277,dev_105447
user_104278,dev_105448
user_104278,dev_105449
user_104279,dev_105450
user_104280,dev_105451
user_104281,dev_105452
user_104282,dev_105453
user_104283,dev_105454
user_104284,dev_105455
user_104285,dev_105456
user_104286,dev_105457
user_104287,dev_105458
user_104287,dev_105459
user_104288,dev_105460
user_104289,dev_105461
user_104290,dev_105462
user_104291,dev_105463
user_104292,dev_105464
user_104293,dev_105465
user_104294,dev_105466
user_104295,dev_105467
user_104296,dev_105468
user_104297,dev_105469
user_104297,dev_105470
user_104298,dev_105471
user_104299,dev_105472
user_104300,dev_105473
user_104301,dev_105474
user_104301,dev_105475
user_104302,dev_105476
user_104303,dev_105477
user_104304,dev_105478
user_104305,dev_105479
user_104306,dev_105480
user_104307,dev_105481
user_104308,dev_105482
user_104309,dev_105483
user_104310,dev_105484
user_104311,dev_105485
user_104312,dev_105486
user_104313,dev_105487
user_104314,dev_105488
user_104315,dev_105489
user_104316,dev_105490
user_104317,dev_105491
user_104318,dev_105492
user_104318,dev_105493
user_104319,dev_104004
user_104320,dev_105494
user_104320,dev_105495
user_104321,dev_105496
user_104322,dev_105497
user_104323,dev_105498
user_104324,dev_105499
user_104324,dev_105500
user_104325,dev_105501
user_104326,dev_105502
user_104327,dev_105503
user_104328,dev_105504
user_104329,dev_105505
user_104330,dev_105506
user_104331,dev_105507
user_104332,dev_105508
user_104333,dev_105509
user_101286,dev_105489
user_104334,dev_105510
user_104335,dev_105511
user_104336,dev_105512
user_104337,dev_105513
user_104338,dev_105514
user_104339,dev_105515
user_104340,dev_105516
user_104341,dev_105517
user_104342,dev_105518
user_104343,dev_105519
user_104344,dev_105520
user_104345,dev_105521
user_104345,dev_105522
user_104346,dev_105523
user_104347,dev_105524
user_104348,dev_105525
user_104349,dev_105526
user_104350,dev_105527
user_104351,dev_105528
user_104351,dev_105529
user_104352,dev_105530
user_104353,dev_105531
user_104354,dev_105532
user_104355,dev_105533
user_104356,dev_105534
user_104357,dev_105535
user_104358,dev_105536
user_104359,dev_105537
user_104360,dev_105538
user_104361,dev_105539
user_104362,dev_105540
user_104363,dev_105541
user_104364,dev_105542
user_104365,dev_105543
user_104366,dev_105544
user_104367,dev_105545
user_104367,dev_105546
user_104367,dev_105547
user_104368,dev_105548
user_104369,dev_105549
user_104370,dev_105550
user_104371,dev_105551
user_104372,dev_105338
user_104373,dev_105552
user_104374,dev_105553
user_104374,dev_105554
user_104375,dev_105555
user_104376,dev_105556
user_104377,dev_105557
user_104378,dev_105558
user_104379,dev_104312
user_104380,dev_105559
user_104381,dev_105560
user_104382,dev_105561
user_104383,dev_105562
user_104384,dev_105563
user_104385,dev_105564
user_104385,dev_105565
user_104386,dev_105566
user_104387,dev_105567
user_104388,dev_105568
user_104389,dev_105569
user_104390,dev_105570
user_104391,dev_105571
user_104392,dev_105572
user_104393,dev_105573
user_104394,dev_105574
user_104395,dev_105575
user_104396,dev_105576
user_104396,dev_105577
user_104397,dev_105578
user_104398,dev_105579
user_104399,dev_105580
user_104400,dev_105581
user_104400,dev_105582
user_104400,dev_105583
user_104400,dev_105584
user_104400,dev_105585
user_104400,dev_105586
user_104400,dev_105587
user_104400,dev_105588
user_104400,dev_105589
user_104400,dev_105590
user_104400,dev_105591
user_104400,dev_105592
user_104401,dev_105593
user_104402,dev_105594
user_104403,dev_105595
user_104404,dev_105596
user_104405,dev_105597
user_104405,dev_105598
user_101342,dev_105599
user_104406,dev_105600
user_104407,dev_105601
user_104408,dev_105602
user_104409,dev_105603
user_104410,dev_105604
user_104411,dev_105605
user_104411,dev_105606
user_104412,dev_105607
user_104413,dev_105608
user_104413,dev_105609
user_104414,dev_105610
user_104414,dev_105611
user_104414,dev_105612
user_104414,dev_105613
user_104414,dev_105614
user_104414,dev_105615
user_104414,dev_105616
user_104415,dev_105617
user_104416,dev_105618
user_104417,dev_105619
user_104418,dev_105620
user_104418,dev_105621
user_104418,dev_105622
user_104419,dev_105623
user_104420,dev_105624
user_104421,dev_105625
user_104422,dev_105626
user_104423,dev_105627
user_104424,dev_105628
user_104425,dev_105629
user_104426,dev_105630
user_104427,dev_105631
user_104428,dev_105632
user_104429,dev_105633
user_104430,dev_105634
user_104431,dev_105635
user_104432,dev_105636
user_104432,dev_105637
user_104433,dev_105638
user_104434,dev_105639
user_104435,dev_105640
user_104436,dev_105641
user_104437,dev_105642
user_104438,dev_105643
user_104439,dev_105644
user_104440,dev_105645
user_104441,dev_105646
user_104442,dev_105647
user_104442,dev_105648
user_104442,dev_105649
user_104443,dev_105650
user_104444,dev_105651
user_104445,dev_105652
user_104446,dev_105653
user_104447,dev_105654
user_104448,dev_105655
user_104449,dev_105656
user_104450,dev_105657
user_104451,dev_104104
user_104452,dev_105658
user_104453,dev_105659
user_104454,dev_105660
user_104455,dev_105661
user_104455,dev_105662
user_104455,dev_105663
user_104455,dev_105664
user_104455,dev_105665
user_104456,dev_105666
user_104457,dev_105667
user_104458,dev_105668
user_104459,dev_105669
user_104460,dev_105670
user_104461,dev_105671
user_104462,dev_105672
user_104462,dev_105673
user_104463,dev_105674
user_104464,dev_105675
user_104465,dev_105676
user_104466,dev_104829
user_104467,dev_105677
user_104468,dev_105678
user_104468,dev_105650
user_104468,dev_105679
user_104469,dev_105680
user_104470,dev_105681
user_104471,dev_104120
user_104471,dev_105682
user_104472,dev_105683
user_104473,dev_105684
user_104474,dev_104236
user_104475,dev_105685
user_104476,dev_105686
user_104477,dev_105687
user_104478,dev_105688
user_104479,dev_105689
user_104480,dev_105690
user_104481,dev_105691
user_104482,dev_105692
user_104483,dev_105693
user_104484,dev_105694
user_104485,dev_105695
user_104486,dev_105696
user_104487,dev_105697
user_104487,dev_105698
user_104487,dev_105699
user_104487,dev_105657
user_104487,dev_105700
user_104487,dev_105701
user_104487,dev_105702
user_104487,dev_105703
user_104487,dev_105704
user_104487,dev_105705
user_104488,dev_105706
user_104489,dev_105707
user_104490,dev_105708
user_104491,dev_105709
user_104492,dev_105710
user_104492,dev_105711
user_104492,dev_105712
user_104492,dev_105713
user_104492,dev_105714
user_104492,dev_105715
user_104492,dev_105716
user_104493,dev_105717
user_104494,dev_105718
user_104495,dev_105719
user_104496,dev_105720
user_104497,dev_105721
user_104497,dev_105722
user_104497,dev_105723
user_104498,dev_105724
user_104499,dev_105725
user_104500,dev_105726
user_104501,dev_105727
user_104502,dev_105728
user_104503,dev_105729
user_104503,dev_105730
user_104504,dev_105731
user_104505,dev_105732
user_104506,dev_105733
user_104507,dev_105734
user_104508,dev_105735
user_104509,dev_105736
user_104510,dev_105737
user_104511,dev_105738
user_101468,dev_104151
user_104512,dev_105739
user_104512,dev_105740
user_104513,dev_105741
user_104514,dev_105742
user_104514,dev_105743
user_104515,dev_105744
user_104516,dev_105745
user_104517,dev_105746
user_104518,dev_105747
user_104519,dev_105748
user_104520,dev_105749
user_104521,dev_104034
user_104522,dev_105750
user_104523,dev_105751
user_104524,dev_105752
user_104524,dev_105753
user_104524,dev_105754
user_104524,dev_105755
user_104524,dev_105756
user_104524,dev_105757
user_104525,dev_105758
user_104525,dev_105759
user_104526,dev_105760
user_104527,dev_105761
user_104528,dev_105762
user_104529,dev_105763
user_104530,dev_105764
user_104531,dev_105765
user_104532,dev_105766
user_101482,dev_105767
user_101482,dev_105768
user_101482,dev_105769
user_101482,dev_105770
user_104533,dev_105771
user_104534,dev_105772
user_104535,dev_105773
user_104535,dev_105774
user_104536,dev_105775
user_104537,dev_105776
user_104538,dev_105777
user_104539,dev_105778
user_104540,dev_105779
user_104540,dev_105780
user_104541,dev_105781
user_104542,dev_105782
user_104542,dev_105783
user_104543,dev_105784
user_104544,dev_105785
user_104545,dev_105786
user_104546,dev_105787
user_104547,dev_105788
user_104548,dev_105789
user_104548,dev_105790
user_104549,dev_105791
user_104550,dev_105792
user_104551,dev_105793
user_104552,dev_105794
user_104553,dev_105795
user_104554,dev_105796
user_104554,dev_105797
user_104554,dev_105798
user_104554,dev_105799
user_104554,dev_105800
user_104554,dev_105801
user_104554,dev_105802
user_104554,dev_105803
user_104555,dev_105804
user_104556,dev_105805
user_104556,dev_105806
user_104556,dev_105807
user_104556,dev_105808
user_104557,dev_105809
user_104558,dev_105810
user_104559,dev_105811
user_104560,dev_105812
user_104560,dev_105813
user_104561,dev_105814
user_104562,dev_105815
user_104563,dev_105816
user_104564,dev_105817
user_104565,dev_105818
user_104566,dev_104576
user_104567,dev_105819
user_104568,dev_105820
user_104569,dev_105821
user_104570,dev_105822
user_104571,dev_105823
user_104572,dev_105824
user_104572,dev_105825
user_104572,dev_105826
user_104572,dev_105827
user_104572,dev_105828
user_104573,dev_105829
user_104574,dev_105830
user_104575,dev_105831
user_104576,dev_105832
user_104577,dev_105833
user_104578,dev_105834
user_104579,dev_105835
user_104580,dev_105836
user_104581,dev_104236
user_104582,dev_105837
user_104583,dev_105838
user_104584,dev_105839
user_104584,dev_105840
user_104585,dev_105841
user_104586,dev_105842
user_104587,dev_105843
user_104588,dev_105844
user_104589,dev_105845
user_104590,dev_105846
user_104591,dev_105847
user_104592,dev_105848
user_104593,dev_105849
user_104594,dev_105850
user_104595,dev_105851
user_104596,dev_105852
user_104597,dev_105853
user_104598,dev_105854
user_104599,dev_105855
user_104600,dev_105856
user_104601,dev_105857
user_104602,dev_105858
user_104603,dev_105859
user_104604,dev_105860
user_104605,dev_105861
user_104606,dev_104819
user_104607,dev_105862
user_104608,dev_105863
user_104609,dev_105864
user_104610,dev_105865
user_104611,dev_105805
user_104612,dev_105866
user_104613,dev_105867
user_104614,dev_105868
user_104615,dev_105869
user_104616,dev_105870
user_104617,dev_105871
user_104618,dev_105872
user_104619,dev_105873
user_104620,dev_105874
user_104621,dev_105875
user_104622,dev_105876
user_104623,dev_105877
user_104624,dev_105878
user_104625,dev_105879
user_104626,dev_105880
user_104627,dev_105881
user_104628,dev_105882
user_104628,dev_105883
user_104629,dev_105884
user_104629,dev_105885
user_104629,dev_105886
user_104629,dev_105887
user_104629,dev_105888
user_104629,dev_105889
user_104629,dev_105890
user_104629,dev_105891
user_104629,dev_105892
user_104629,dev_105893
user_104629,dev_105894
user_104629,dev_105895
user_104629,dev_105896
user_104629,dev_105897
user_104629,dev_105898
user_104630,dev_105899
user_104631,dev_105900
user_104632,dev_105901
user_104633,dev_105902
user_104634,dev_105903
user_104635,dev_105904
user_104636,dev_105905
user_104637,dev_105906
user_104638,dev_105907
user_104638,dev_105908
user_104639,dev_105909
user_104640,dev_105910
user_104640,dev_105911
user_104641,dev_105912
user_104642,dev_105913
user_104643,dev_105914
user_104644,dev_105915
user_104645,dev_105916
user_104646,dev_105917
user_104647,dev_105918
user_104648,dev_105919
user_104649,dev_105920
user_104650,dev_105921
user_104651,dev_105922
user_104652,dev_105923
user_104653,dev_105924
user_104654,dev_105925
user_104655,dev_105926
user_104656,dev_105927
user_104657,dev_105928
user_104658,dev_105929
user_104659,dev_105930
user_104660,dev_105931
user_104661,dev_105932
user_104662,dev_105933
user_104663,dev_105934
user_104664,dev_105935
user_104665,dev_105936
user_104666,dev_105937
user_104667,dev_105938
user_104668,dev_105939
user_104669,dev_105940
user_104670,dev_105941
user_104671,dev_105942
user_104672,dev_105943
user_104673,dev_105944
user_104674,dev_105945
user_104675,dev_104020
user_104676,dev_105946
user_104676,dev_105947
user_104677,dev_105948
user_104678,dev_105949
user_104679,dev_105593
user_104680,dev_105950
user_104681,dev_105951
user_104682,dev_105952
user_104683,dev_105953
user_104684,dev_105954
user_104685,dev_105955
user_104685,dev_105956
user_104685,dev_105957
user_104685,dev_105958
user_104686,dev_105959
user_104687,dev_105960
user_104688,dev_105961
user_104689,dev_105159
user_104690,dev_105962
user_104691,dev_105963
user_104692,dev_105964
user_104693,dev_105965
user_104694,dev_105966
user_104694,dev_105967
user_104695,dev_105968
user_104696,dev_105969
user_104697,dev_105970
user_104698,dev_105971
user_104698,dev_105972
user_104698,dev_105973
user_104699,dev_105974
user_104700,dev_105975
user_104701,dev_105976
user_104702,dev_105977
user_104703,dev_105978
user_104704,dev_105979
user_104704,dev_105980
user_104704,dev_105981
user_104704,dev_105982
user_104705,dev_105983
user_104706,dev_105984
user_104706,dev_105985
user_104707,dev_105986
user_104707,dev_105987
user_104707,dev_105988
user_104707,dev_105989
user_104708,dev_105990
user_104709,dev_105991
user_104710,dev_105992
user_104711,dev_105993
user_104712,dev_105994
user_104713,dev_105995
user_104714,dev_105706
user_104714,dev_105115
user_101722,dev_105996
user_104715,dev_105997
user_104716,dev_105998
user_104717,dev_105999
user_104718,dev_106000
user_104719,dev_106001
user_104720,dev_106002
user_104721,dev_106003
user_104722,dev_106004
user_104723,dev_106005
user_104724,dev_106006
user_104724,dev_106007
user_104725,dev_106008
user_104726,dev_106009
user_104726,dev_106010
user_104727,dev_106011
user_104728,dev_104209
user_104728,dev_104398
user_104729,dev_106012
user_104730,dev_106013
user_104731,dev_106014
user_104732,dev_105140
user_104733,dev_106015
user_104734,dev_106016
user_104735,dev_106017
user_104736,dev_106018
user_104737,dev_106019
user_104738,dev_106020
user_104739,dev_105127
user_104740,dev_106021
user_104741,dev_104853
user_104742,dev_106022
user_104743,dev_106023
user_104744,dev_106024
user_101756,dev_106025
user_104745,dev_106026
user_104746,dev_106027
user_104746,dev_106028
user_104747,dev_106029
user_104747,dev_106030
user_104747,dev_106031
user_104747,dev_106032
user_104748,dev_106033
user_104749,dev_106034
user_104750,dev_106035
user_104751,dev_105645
user_104752,dev_106036
user_104753,dev_106037
user_104754,dev_106038
user_104755,dev_106039
user_104756,dev_106040
user_104757,dev_106041
user_104758,dev_106042
user_104759,dev_106043
user_104760,dev_106044
user_104761,dev_106045
user_104762,dev_106046
user_104763,dev_106047
user_104764,dev_106048
user_104764,dev_106049
user_104764,dev_106050
user_104764,dev_106051
user_104765,dev_106052
user_104766,dev_106053
user_104767,dev_106054
user_104768,dev_106055
user_104769,dev_106056
user_104770,dev_106057
user_104771,dev_106058
user_104772,dev_106059
user_104773,dev_106060
user_104773,dev_106061
user_104774,dev_106062
user_104775,dev_106063
user_104776,dev_104544
user_104776,dev_104545
user_104777,dev_106064
user_104778,dev_106065
user_104779,dev_106066
user_104780,dev_106067
user_104781,dev_106068
user_104782,dev_106069
user_104783,dev_106070
user_104784,dev_106071
user_104784,dev_106072
user_104784,dev_106073
user_104784,dev_106074
user_104785,dev_106075
user_104786,dev_106076
user_104786,dev_106077
user_104786,dev_106078
user_104787,dev_106079
user_104788,dev_106080
user_104788,dev_106081
user_104789,dev_106082
user_104790,dev_106083
user_104791,dev_106084
user_104791,dev_106085
user_104791,dev_106086
user_104792,dev_106087
user_104793,dev_106088
user_104794,dev_106089
user_104795,dev_106090
user_104795,dev_106091
user_104796,dev_106092
user_104797,dev_104795
user_104798,dev_106093
user_104799,dev_106094
user_104800,dev_106095
user_104801,dev_106096
user_104802,dev_106097
user_104803,dev_106098
user_104804,dev_106099
user_104805,dev_106100
user_104806,dev_106101
user_104807,dev_106102
user_104808,dev_106103
user_104809,dev_104163
user_104810,dev_106104
user_104811,dev_106105
user_104812,dev_106106
user_104813,dev_106107
user_104814,dev_104999
user_104815,dev_104975
user_104816,dev_106108
user_104817,dev_106109
user_104818,dev_106110
user_104818,dev_106111
user_104819,dev_106112
user_104820,dev_106113
user_104821,dev_106114
user_104821,dev_106115
user_104822,dev_106116
user_104823,dev_106117
user_104824,dev_106118
user_104825,dev_106119
user_104826,dev_104795
user_104827,dev_106120
user_104828,dev_104795
user_104829,dev_106121
user_104830,dev_106122
user_104831,dev_106123
user_104832,dev_106124
user_104833,dev_106125
user_104834,dev_106126
user_104835,dev_104829
user_104836,dev_106127
user_104836,dev_106128
user_104837,dev_106129
user_104838,dev_106130
user_101850,dev_106131
user_101850,dev_106132
user_104839,dev_106133
user_104840,dev_106134
user_104841,dev_106135
user_104842,dev_106136
user_104843,dev_106137
user_104844,dev_106138
user_104845,dev_106139
user_104846,dev_106140
user_104847,dev_106141
user_104848,dev_106142
user_104849,dev_106143
user_104850,dev_106144
user_104851,dev_106145
user_104852,dev_106146
user_104853,dev_106147
user_104854,dev_106148
user_104855,dev_106149
user_104856,dev_106150
user_104857,dev_106151
user_104858,dev_106152
user_104859,dev_106153
user_104860,dev_106154
user_104861,dev_106155
user_104862,dev_106156
user_104863,dev_106157
user_104864,dev_106158
user_104865,dev_106159
user_104865,dev_106160
user_104865,dev_106161
user_104865,dev_106162
user_104866,dev_106163
user_104867,dev_105841
user_104868,dev_106164
user_104869,dev_106165
user_104870,dev_106166
user_104871,dev_106167
user_104872,dev_106168
user_104872,dev_106169
user_104872,dev_106170
user_104872,dev_106171
user_104872,dev_106172
user_104872,dev_106173
user_104872,dev_106174
user_104872,dev_106175
user_104872,dev_106176
user_104872,dev_106177
user_104872,dev_106178
user_104872,dev_106179
user_104872,dev_106180
user_104872,dev_106181
user_104872,dev_106182
user_104872,dev_106183
user_104872,dev_106184
user_104872,dev_106185
user_104872,dev_106186
user_104872,dev_106187
user_104872,dev_106188
user_104872,dev_106189
user_104872,dev_106190
user_104872,dev_106191
user_104872,dev_106192
user_104872,dev_106193
user_104872,dev_106194
user_104872,dev_106195
user_104872,dev_106196
user_104872,dev_106197
user_104872,dev_106198
user_104872,dev_106199
user_104872,dev_106200
user_104872,dev_106201
user_104872,dev_106202
user_104872,dev_106203
user_104872,dev_106204
user_104872,dev_106205
user_104872,dev_106206
user_104872,dev_106207
user_104872,dev_106208
user_104872,dev_106209
user_104872,dev_106210
user_104872,dev_106211
user_104872,dev_106212
user_104872,dev_106213
user_104872,dev_106214
user_104872,dev_106215
user_104872,dev_106216
user_104872,dev_106217
user_104872,dev_106218
user_104872,dev_106219
user_104872,dev_106220
user_104872,dev_106221
user_104872,dev_106222
user_104872,dev_106223
user_104872,dev_106224
user_104872,dev_106225
user_104872,dev_106226
user_104872,dev_106227
user_104872,dev_106228
user_104872,dev_106229
user_104872,dev_106230
user_104872,dev_106231
user_104873,dev_106232
user_104874,dev_106233
user_104875,dev_106234
user_104876,dev_106235
user_104877,dev_106236
user_104878,dev_106237
user_104879,dev_106238
user_104880,dev_106239
user_104881,dev_106240
user_104882,dev_106241
user_104883,dev_106242
user_104884,dev_106243
user_104884,dev_106244
user_104885,dev_106245
user_104886,dev_106246
user_104887,dev_106247
user_104888,dev_106248
user_104889,dev_106249
user_104890,dev_106250
user_104891,dev_106251
user_104892,dev_106252
user_104893,dev_106253
user_104894,dev_106254
user_104895,dev_106255
user_104895,dev_106256
user_104896,dev_106257
user_104897,dev_106258
user_101917,dev_105311
user_104898,dev_106259
user_104898,dev_106260
user_104898,dev_106261
user_104899,dev_106262
user_104900,dev_106263
user_104901,dev_106264
user_104902,dev_106265
user_104903,dev_106266
user_104904,dev_106267
user_104905,dev_106268
user_104906,dev_106269
user_104907,dev_105620
user_104907,dev_106270
user_104907,dev_106271
user_104908,dev_106272
user_104909,dev_106273
user_104910,dev_106274
user_104911,dev_106275
user_104912,dev_104649
user_104913,dev_106276
user_104914,dev_106277
user_104915,dev_106278
user_104916,dev_106279
user_104917,dev_106280
user_104917,dev_106281
user_104918,dev_106282
user_104918,dev_106283
user_104919,dev_106284
user_104920,dev_106285
user_104921,dev_106286
user_104922,dev_106287
user_104923,dev_106288
user_104924,dev_106289
user_104925,dev_106290
user_104926,dev_106291
user_104927,dev_106292
user_104928,dev_106293
user_104929,dev_106294
user_104930,dev_106295
user_104931,dev_106296
user_104932,dev_106297
user_104933,dev_106298
user_104934,dev_106299
user_104935,dev_106300
user_104936,dev_106301
user_104937,dev_106302
user_104938,dev_106303
user_104938,dev_106304
user_104938,dev_106305
user_104938,dev_106306
user_104938,dev_106307
user_104938,dev_106308
user_104938,dev_106309
user_104938,dev_106310
user_104939,dev_106311
user_104940,dev_106312
user_104941,dev_106313
user_104942,dev_106314
user_104943,dev_106315
user_104944,dev_104281
user_104945,dev_106316
user_104946,dev_106317
user_104947,dev_106318
user_104948,dev_106319
user_104949,dev_106320
user_104949,dev_106321
user_104950,dev_106322
user_104951,dev_106323
user_104952,dev_106324
user_104953,dev_106325
user_104954,dev_106326
user_104955,dev_106327
user_104956,dev_106328
user_104957,dev_105850
user_104958,dev_106329
user_104959,dev_106330
user_104960,dev_106331
user_104961,dev_106332
user_104962,dev_106333
user_104963,dev_106334
user_104964,dev_106335
user_104965,dev_106336
user_104966,dev_106337
user_104967,dev_106338
user_104968,dev_106339
user_104969,dev_106340
user_104969,dev_106341
user_104970,dev_106342
user_104970,dev_106343
user_104971,dev_106344
user_104972,dev_106345
user_104973,dev_106346
user_104974,dev_106347
user_104975,dev_106348
user_104976,dev_106349
user_104977,dev_106350
user_104977,dev_106351
user_104978,dev_106352
user_104979,dev_106353
user_104980,dev_106354
user_104980,dev_106355
user_104981,dev_106356
user_104982,dev_106357
user_104983,dev_104608
user_104984,dev_106358
user_104985,dev_106359
user_104986,dev_106360
user_104987,dev_106361
user_104988,dev_106362
user_104989,dev_106363
user_104990,dev_106364
user_104991,dev_106365
user_104992,dev_106366
user_104993,dev_106367
user_104994,dev_106368
user_104995,dev_106369
user_104996,dev_106370
user_104997,dev_106371
user_104998,dev_106372
user_104999,dev_106373
user_105000,dev_106374
user_105001,dev_106375
user_105002,dev_106376
user_105003,dev_106377
user_105004,dev_106378
user_105005,dev_106379
user_105006,dev_106380
user_105007,dev_104102
user_105008,dev_106381
user_105009,dev_106382
user_105010,dev_106383
user_105011,dev_106384
user_105012,dev_106385
user_105013,dev_106386
user_105014,dev_106387
user_105015,dev_106388
user_105016,dev_106389
user_105017,dev_106390
user_105018,dev_106391
user_105018,dev_106392
user_105018,dev_106393
user_105018,dev_106394
user_105019,dev_106395
user_105020,dev_106396
user_105020,dev_106397
user_105021,dev_106398
user_105022,dev_106399
user_105023,dev_106400
user_105024,dev_106401
user_105025,dev_106402
user_105026,dev_106403
user_105027,dev_106404
user_105028,dev_104507
user_105029,dev_106405
user_105030,dev_104101
user_105031,dev_106406
user_105032,dev_106407
user_105033,dev_106408
user_105034,dev_106409
user_105035,dev_106410
user_105035,dev_106411
user_105036,dev_106412
user_102028,dev_106413
user_102028,dev_106414
user_102028,dev_106415
user_102028,dev_106416
user_102028,dev_106417
user_102028,dev_106418
user_102028,dev_106419
user_102028,dev_106420
user_102028,dev_106421
user_102028,dev_106422
user_102028,dev_106423
user_102028,dev_106424
user_102028,dev_106425
user_102028,dev_106426
user_102028,dev_106427
user_102028,dev_106428
user_102028,dev_106429
user_102028,dev_106430
user_102028,dev_106431
user_102028,dev_106432
user_102028,dev_106433
user_102028,dev_106434
user_102028,dev_106435
user_102028,dev_106436
user_105037,dev_106437
user_102030,dev_106438
user_102030,dev_106439
user_102030,dev_106440
user_102030,dev_104965
user_102030,dev_106441
user_102030,dev_106442
user_105038,dev_106443
user_105039,dev_106444
user_102037,dev_104782
user_105040,dev_106445
user_105041,dev_106446
user_105042,dev_106447
user_105043,dev_106448
user_105044,dev_106449
user_105045,dev_106450
user_105046,dev_106451
user_105046,dev_106452
user_105047,dev_106453
user_105048,dev_103948
user_105049,dev_106051
user_105050,dev_106454
user_105051,dev_106455
user_105052,dev_106456
user_105053,dev_106457
user_105054,dev_106458
user_105055,dev_106459
user_105056,dev_106460
user_105057,dev_106461
user_105058,dev_106462
user_105059,dev_106463
user_105060,dev_106464
user_105061,dev_106465
user_105062,dev_106466
user_105063,dev_106467
user_105064,dev_106468
user_105065,dev_106469
user_105066,dev_106470
user_105067,dev_106471
user_105068,dev_106472
user_105069,dev_106473
user_105070,dev_106474
user_105071,dev_106475
user_105072,dev_106476
user_105073,dev_106477
user_105074,dev_106478
user_105075,dev_104933
user_105076,dev_106479
user_105077,dev_106480
user_105078,dev_106481
user_105079,dev_105593
user_105080,dev_106482
user_105081,dev_106483
user_105081,dev_106484
user_105082,dev_104975
user_105083,dev_106485
user_105084,dev_106486
user_105085,dev_106487
user_105086,dev_106488
user_105087,dev_106489
user_105088,dev_106490
user_105089,dev_106491
user_105090,dev_106492
user_105091,dev_106493
user_105092,dev_106494
user_105093,dev_106495
user_105094,dev_106496
user_105095,dev_106497
user_105096,dev_106498
user_105096,dev_105217
user_105097,dev_106499
user_105098,dev_106500
user_105099,dev_106501
user_105100,dev_106502
user_105101,dev_106503
user_105102,dev_106504
user_105103,dev_106505
user_105104,dev_106506
user_105105,dev_106507
user_105106,dev_104236
user_105107,dev_104102
user_105108,dev_106508
user_105109,dev_104133
user_105110,dev_106509
user_105111,dev_106510
user_105112,dev_106511
user_105113,dev_106512
user_105114,dev_106513
user_105115,dev_106514
user_105115,dev_106515
user_105116,dev_106516
user_105117,dev_106517
user_105118,dev_106518
user_105119,dev_106519
user_105120,dev_106520
user_105120,dev_106521
user_105121,dev_106522
user_105121,dev_106523
user_105121,dev_106524
user_105122,dev_106525
user_105123,dev_106526
user_105124,dev_106527
user_105125,dev_106528
user_105126,dev_106529
user_105127,dev_106530
user_105128,dev_106531
user_105129,dev_106532
user_105130,dev_106533
user_105131,dev_106534
user_105132,dev_106535
user_105133,dev_106536
user_105134,dev_106537
user_105134,dev_106538
user_105135,dev_106539
user_105136,dev_106540
user_105137,dev_104612
user_105138,dev_106541
user_105139,dev_106542
user_105140,dev_106543
user_105140,dev_106544
user_105141,dev_106545
user_105142,dev_106546
user_105143,dev_106547
user_105143,dev_106548
user_105143,dev_106549
user_105143,dev_106550
user_105143,dev_106551
user_105143,dev_106552
user_105143,dev_106553
user_105143,dev_106554
user_105144,dev_106555
user_105145,dev_106556
user_105146,dev_104060
user_105146,dev_105433
user_105147,dev_106557
user_105148,dev_106558
user_105149,dev_106559
user_105150,dev_104953
user_105151,dev_106560
user_105152,dev_106561
user_105153,dev_106562
user_105154,dev_106563
user_105155,dev_106564
user_105156,dev_106565
user_105156,dev_106566
user_105156,dev_106567
user_105157,dev_106568
user_105157,dev_106569
user_105158,dev_106570
user_105159,dev_106571
user_105160,dev_106572
user_105161,dev_106573
user_105162,dev_106574
user_105163,dev_106575
user_105164,dev_106576
user_105165,dev_106577
user_105166,dev_106578
user_105167,dev_106579
user_105168,dev_106580
user_105169,dev_106581
user_105170,dev_106582
user_105171,dev_106583
user_105172,dev_106584
user_105173,dev_106585
user_105174,dev_104102
user_105175,dev_106586
user_105176,dev_106587
user_105177,dev_106588
user_105178,dev_105721
user_105179,dev_106589
user_105180,dev_106590
user_105181,dev_106591
user_105182,dev_106592
user_105183,dev_106593
user_105183,dev_106594
user_105184,dev_106595
user_105185,dev_106596
user_105186,dev_106597
user_105187,dev_106598
user_105188,dev_104576
user_105189,dev_106599
user_105190,dev_106600
user_105190,dev_106601
user_105190,dev_106602
user_105191,dev_106603
user_105192,dev_106604
user_105193,dev_106605
user_105194,dev_106606
user_105195,dev_106607
user_102200,dev_106608
user_102200,dev_106609
user_102200,dev_106610
user_102200,dev_106611
user_105196,dev_106612
user_105197,dev_106613
user_105198,dev_106614
user_105199,dev_106615
user_105200,dev_106616
user_105201,dev_106617
user_105202,dev_106618
user_105203,dev_106619
user_105204,dev_106620
user_105205,dev_106621
user_105206,dev_106622
user_105207,dev_106623
user_105208,dev_106624
user_105209,dev_106625
user_105210,dev_106626
user_105211,dev_106627
user_105212,dev_104507
user_105213,dev_106628
user_105214,dev_106629
user_105214,dev_106630
user_105214,dev_106631
user_105215,dev_106632
user_105216,dev_106633
user_105217,dev_106634
user_105218,dev_106635
user_105219,dev_106636
user_105220,dev_106637
user_105221,dev_105682
user_105222,dev_106638
user_105223,dev_106639
user_105224,dev_106640
user_105225,dev_106641
user_105226,dev_106642
user_105227,dev_106643
user_105228,dev_106644
user_105229,dev_106645
user_105230,dev_106646
user_105231,dev_106647
user_105232,dev_106648
user_105233,dev_106649
user_105233,dev_106650
user_105234,dev_106651
user_105235,dev_106652
user_105236,dev_106653
user_105237,dev_106654
user_105238,dev_106655
user_105239,dev_106656
user_105240,dev_106657
user_105241,dev_106658
user_105242,dev_106659
user_105243,dev_106660
user_105244,dev_106661
user_105245,dev_106662
user_105246,dev_106663
user_105247,dev_106664
user_105248,dev_106046
user_105249,dev_106665
user_105249,dev_106666
user_105250,dev_106667
user_105251,dev_106668
user_105252,dev_106669
user_105252,dev_106670
user_105252,dev_106671
user_105252,dev_106672
user_105252,dev_106673
user_105252,dev_106674
user_105252,dev_106675
user_105253,dev_106676
user_105254,dev_106677
user_105254,dev_106678
user_105255,dev_106679
user_105256,dev_106680
user_105257,dev_106681
user_105258,dev_104411
user_105259,dev_106682
user_105260,dev_106683
user_105261,dev_106684
user_105262,dev_106685
user_105263,dev_105769
user_105264,dev_106686
user_105265,dev_106687
user_105266,dev_106688
user_105267,dev_106689
user_105268,dev_106690
user_105269,dev_106691
user_105270,dev_106692
user_105271,dev_106693
user_105272,dev_106694
user_105273,dev_106695
user_105273,dev_106696
user_105274,dev_106697
user_105275,dev_106698
user_105276,dev_106699
user_105277,dev_106700
user_105277,dev_106701
user_105277,dev_106702
user_105277,dev_106703
user_102288,dev_106620
user_105278,dev_106704
user_105279,dev_106705
user_105280,dev_106706
user_105280,dev_106707
user_105280,dev_106708
user_105280,dev_106709
user_105281,dev_106710
user_105282,dev_106711
user_105283,dev_106712
user_105284,dev_106713
user_105285,dev_106714
user_105286,dev_106715
user_105287,dev_106716
user_105288,dev_106717
user_105289,dev_106718
user_105290,dev_106719
user_105291,dev_106720
user_105292,dev_104600
user_105293,dev_106721
user_105294,dev_106722
user_105295,dev_106723
user_105296,dev_106724
user_105297,dev_106725
user_105298,dev_104929
user_105299,dev_106726
user_105300,dev_106727
user_105301,dev_106728
user_105302,dev_106729
user_105303,dev_106730
user_105303,dev_106731
user_105304,dev_106732
user_105305,dev_106733
user_105306,dev_106734
user_105307,dev_106735
user_105308,dev_106736
user_105309,dev_104600
user_105310,dev_106737
user_105311,dev_106738
user_105312,dev_105841
user_105313,dev_104226
user_105314,dev_106739
user_105315,dev_106740
user_105316,dev_106741
user_105317,dev_106742
user_105318,dev_106743
user_105319,dev_106744
user_105320,dev_106745
user_105321,dev_105981
user_105322,dev_106746
user_105323,dev_106747
user_105323,dev_106748
user_105324,dev_106749
user_105325,dev_106750
user_105326,dev_106751
user_105326,dev_106752
user_105326,dev_106753
user_105326,dev_106754
user_105326,dev_106755
user_105326,dev_106756
user_105327,dev_106757
user_105328,dev_106758
user_105329,dev_106759
user_105330,dev_106760
user_105331,dev_106761
user_105332,dev_106762
user_105333,dev_106763
user_105333,dev_106764
user_105334,dev_106765
user_105335,dev_106766
user_105336,dev_106767
user_105337,dev_106768
user_105338,dev_106769
user_105339,dev_106770
user_105340,dev_106771
user_105341,dev_106772
user_105342,dev_106773
user_105343,dev_106774
user_105344,dev_106283
user_105345,dev_106775
user_105346,dev_106776
user_105347,dev_106777
user_105348,dev_106778
user_105349,dev_106779
user_105350,dev_106780
user_105351,dev_106516
user_105352,dev_106781
user_105353,dev_106782
user_105354,dev_106783
user_105355,dev_106784
user_105356,dev_106785
user_105357,dev_106786
user_105358,dev_106787
user_105358,dev_106788
user_105359,dev_106789
user_105360,dev_106790
user_105361,dev_106791
user_105362,dev_106792
user_105363,dev_104163
user_105364,dev_106793
user_105365,dev_106794
user_105366,dev_106795
user_105367,dev_106796
user_105368,dev_106797
user_105369,dev_106798
user_105370,dev_106799
user_105371,dev_106800
user_105372,dev_106801
user_105373,dev_106802
user_105374,dev_106803
user_105375,dev_106804
user_105376,dev_106805
user_105377,dev_106806
user_105378,dev_106807
user_105379,dev_106808
user_105380,dev_106809
user_105380,dev_106810
user_105381,dev_106811
user_105382,dev_106812
user_105383,dev_106813
user_105384,dev_106814
user_105385,dev_106815
user_105386,dev_106816
user_105386,dev_106817
user_105387,dev_106818
user_105388,dev_106819
user_105389,dev_106820
user_105390,dev_106821
user_105391,dev_106822
user_105392,dev_106823
user_105393,dev_106824
user_105394,dev_106825
user_105394,dev_106826
user_105395,dev_106827
user_105396,dev_106828
user_105397,dev_106829
user_105397,dev_106830
user_105397,dev_106831
user_105397,dev_106832
user_105397,dev_106833
user_105397,dev_106834
user_105397,dev_106835
user_105397,dev_106836
user_105397,dev_106837
user_105397,dev_106838
user_105397,dev_106839
user_105397,dev_106840
user_105398,dev_106841
user_105399,dev_106842
user_105400,dev_106843
user_105401,dev_106844
user_105402,dev_106030
user_105403,dev_106845
user_105404,dev_106846
user_105405,dev_106847
user_105406,dev_106848
user_105407,dev_106849
user_105408,dev_106850
user_105409,dev_106851
user_105410,dev_106852
user_105411,dev_106853
user_105412,dev_106854
user_105413,dev_106855
user_105414,dev_106856
user_105415,dev_106857
user_105416,dev_106858
user_105417,dev_106859
user_105418,dev_106362
user_105419,dev_106860
user_105420,dev_106861
user_105421,dev_106862
user_105422,dev_106863
user_105423,dev_106864
user_105424,dev_106865
user_105425,dev_106866
user_105426,dev_106867
user_105427,dev_106868
user_105428,dev_106869
user_105429,dev_106870
user_105430,dev_106871
user_105431,dev_106872
user_105432,dev_106873
user_105433,dev_106874
user_105434,dev_106875
user_105435,dev_106876
user_105436,dev_106877
user_105437,dev_106878
user_105437,dev_106879
user_105438,dev_106880
user_105439,dev_106881
user_105440,dev_106882
user_105441,dev_106883
user_105442,dev_106884
user_105443,dev_106885
user_105444,dev_106886
user_105445,dev_106887
user_105446,dev_106888
user_105447,dev_106889
user_105448,dev_106890
user_105449,dev_106891
user_105450,dev_105032
user_105451,dev_106892
user_105452,dev_106893
user_105453,dev_106894
user_105454,dev_106895
user_105455,dev_106896
user_105456,dev_106897
user_105457,dev_106898
user_105458,dev_105541
user_105459,dev_106899
user_105460,dev_106900
user_105461,dev_106901
user_105462,dev_106902
user_105462,dev_106903
user_105463,dev_106904
user_105464,dev_106905
user_105465,dev_106906
user_105466,dev_106907
user_105467,dev_106908
user_105468,dev_106466
user_105469,dev_106909
user_105470,dev_105118
user_105471,dev_106910
user_105472,dev_106911
user_105473,dev_106912
user_105474,dev_106913
user_105475,dev_104105
user_105476,dev_106914
user_105477,dev_106915
user_105478,dev_106916
user_105479,dev_106917
user_105479,dev_106918
user_105479,dev_106919
user_105480,dev_106920
user_105480,dev_106921
user_105481,dev_106922
user_105481,dev_106923
user_105482,dev_106924
user_105483,dev_106925
user_105484,dev_106926
user_105485,dev_106927
user_105485,dev_106928
user_105486,dev_106929
user_105487,dev_106930
user_105488,dev_106931
user_105489,dev_106932
user_105490,dev_106933
user_105491,dev_106934
user_105491,dev_106935
user_105492,dev_106936
user_105493,dev_106937
user_105494,dev_106938
user_105495,dev_106939
user_105496,dev_106940
user_105497,dev_106941
user_105497,dev_106942
user_105498,dev_106943
user_105499,dev_106944
user_105500,dev_106945
user_105501,dev_106946
user_105502,dev_106947
user_105503,dev_106948
user_105504,dev_106949
user_105505,dev_106950
user_105505,dev_106951
user_105506,dev_106952
user_105507,dev_106953
user_105508,dev_106954
user_105509,dev_106955
user_105510,dev_106956
user_105511,dev_106957
user_105512,dev_106958
user_105513,dev_106959
user_105514,dev_106960
user_105515,dev_106961
user_105516,dev_104556
user_105517,dev_106962
user_105518,dev_106963
user_105519,dev_106964
user_105520,dev_106965
user_105521,dev_106966
user_105522,dev_106967
user_105523,dev_106968
user_105524,dev_106969
user_105525,dev_106970
user_105526,dev_106971
user_105527,dev_106972
user_105528,dev_106973
user_105529,dev_106974
user_105530,dev_106975
user_105531,dev_106976
user_105532,dev_106977
user_105533,dev_106978
user_105534,dev_106979
user_105535,dev_106980
user_105535,dev_106981
user_105536,dev_106982
user_105537,dev_106983
user_105537,dev_106984
user_105538,dev_106985
user_105538,dev_106986
user_105538,dev_106987
user_105539,dev_106988
user_105540,dev_106989
user_105541,dev_105077
user_105542,dev_106990
user_105542,dev_106991
user_105543,dev_106992
user_105544,dev_106993
user_105545,dev_106994
user_105546,dev_106995
user_105547,dev_106996
user_105547,dev_106997
user_105547,dev_106998
user_105548,dev_106999
user_105549,dev_107000
user_105550,dev_107001
user_105551,dev_107002
user_105551,dev_107003
user_105552,dev_107004
user_105552,dev_107005
user_102603,dev_106629
user_105553,dev_107006
user_105554,dev_107007
user_105554,dev_105957
user_105555,dev_107008
user_105556,dev_107009
user_105556,dev_107010
user_105557,dev_107011
user_105558,dev_107012
user_105558,dev_107013
user_105558,dev_107014
user_105558,dev_107015
user_105559,dev_107016
user_105559,dev_107017
user_105559,dev_107018
user_105560,dev_107019
user_105561,dev_107020
user_105562,dev_107021
user_105563,dev_107022
user_105564,dev_107023
user_105564,dev_107024
user_105565,dev_107025
user_105566,dev_107026
user_105567,dev_107027
user_105568,dev_105976
user_105568,dev_104507
user_105569,dev_107028
user_105570,dev_107029
user_105571,dev_107030
user_105572,dev_107031
user_105573,dev_107032
user_105574,dev_107033
user_105575,dev_107034
user_105576,dev_107035
user_105577,dev_107036
user_105578,dev_107037
user_105579,dev_107038
user_105580,dev_107039
user_105581,dev_107040
user_105582,dev_107041
user_105583,dev_107042
user_105584,dev_107043
user_105585,dev_107044
user_105586,dev_107045
user_105587,dev_104163
user_105588,dev_107046
user_105588,dev_107047
user_105589,dev_107048
user_105589,dev_107049
user_105590,dev_107050
user_105591,dev_107051
user_105592,dev_107052
user_105593,dev_107053
user_105594,dev_107054
user_105595,dev_107055
user_105596,dev_107056
user_105596,dev_107057
user_105597,dev_107058
user_105598,dev_107059
user_105599,dev_107060
user_105599,dev_107061
user_105600,dev_106146
user_105601,dev_107062
user_105602,dev_107063
user_105603,dev_107064
user_105604,dev_107065
user_105605,dev_107066
user_105605,dev_104107
user_105606,dev_107067
user_105607,dev_107068
user_102642,dev_107069
user_105608,dev_106523
user_105609,dev_107070
user_105610,dev_107071
user_105611,dev_107072
user_105612,dev_107073
user_105612,dev_107074
user_105613,dev_107075
user_105614,dev_107076
user_105615,dev_107077
user_105616,dev_107078
user_105617,dev_107079
user_105617,dev_107080
user_105617,dev_107081
user_105618,dev_104665
user_105619,dev_107082
user_105620,dev_107083
user_105621,dev_107084
user_105622,dev_107085
user_105623,dev_107086
user_105624,dev_104281
user_105625,dev_107087
user_105626,dev_106516
user_105627,dev_107088
user_105628,dev_107089
user_105628,dev_107090
user_105629,dev_104236
user_105630,dev_107091
user_105631,dev_107092
user_105632,dev_107093
user_105632,dev_107094
user_105632,dev_107095
user_105632,dev_107096
user_105632,dev_107097
user_105633,dev_107098
user_105634,dev_107099
user_105635,dev_107100
user_105636,dev_107101
user_105637,dev_107102
user_105637,dev_107103
user_105638,dev_107104
user_105639,dev_107105
user_105640,dev_107106
user_105640,dev_107107
user_105641,dev_107108
user_105642,dev_107109
user_105643,dev_107110
user_105644,dev_107111
user_105645,dev_107112
user_105645,dev_107113
user_105646,dev_107114
user_105647,dev_104649
user_102666,dev_104127
user_102666,dev_106792
user_105648,dev_107115
user_105649,dev_107116
user_105650,dev_107117
user_105651,dev_107118
user_105652,dev_104236
user_105653,dev_107119
user_105654,dev_107120
user_105655,dev_107121
user_105656,dev_107122
user_105657,dev_107123
user_105657,dev_107124
user_105658,dev_107125
user_105659,dev_107126
user_105660,dev_107127
user_105661,dev_107128
user_105662,dev_107129
user_105663,dev_107130
user_105664,dev_107131
user_105664,dev_107132
user_105665,dev_107133
user_105666,dev_107134
user_105667,dev_107135
user_105668,dev_107136
user_105669,dev_107137
user_105670,dev_107138
user_105671,dev_107139
user_105672,dev_107140
user_105672,dev_107141
user_105673,dev_107142
user_105673,dev_107143
user_105673,dev_107144
user_105674,dev_107145
user_105674,dev_107146
user_105674,dev_107147
user_105674,dev_107148
user_105674,dev_107149
user_105674,dev_107150
user_105674,dev_107151
user_105674,dev_107152
user_105674,dev_106946
user_105674,dev_107153
user_105675,dev_107154
user_105676,dev_107155
user_105677,dev_107156
user_105677,dev_107157
user_105678,dev_107158
user_105679,dev_107159
user_105679,dev_107160
user_105679,dev_107161
user_105680,dev_107162
user_105681,dev_107163
user_105682,dev_107164
user_105683,dev_107165
user_105684,dev_107166
user_105685,dev_107167
user_105686,dev_106651
user_105687,dev_107168
user_105688,dev_107169
user_105689,dev_107170
user_105689,dev_107171
user_105690,dev_104411
user_105691,dev_107172
user_105692,dev_107173
user_105693,dev_107174
user_105694,dev_107175
user_105695,dev_107176
user_105695,dev_107177
user_105696,dev_107178
user_105697,dev_107179
user_105698,dev_107180
user_105699,dev_107181
user_105700,dev_107182
user_105701,dev_107183
user_105702,dev_107184
user_105703,dev_107185
user_105704,dev_107186
user_105705,dev_107187
user_105706,dev_107188
user_105707,dev_107189
user_105708,dev_107190
user_105709,dev_107191
user_105710,dev_107192
user_105711,dev_107193
user_105712,dev_107194
user_105713,dev_107195
user_105714,dev_104083
user_105715,dev_107196
user_105716,dev_107197
user_105717,dev_107198
user_105718,dev_107199
user_105719,dev_107200
user_105720,dev_107201
user_105720,dev_107202
user_105720,dev_107203
user_105721,dev_107204
user_105722,dev_107205
user_105723,dev_107206
user_105724,dev_104762
user_105725,dev_107207
user_105726,dev_107208
user_105727,dev_107209
user_105728,dev_107210
user_105729,dev_107211
user_105730,dev_107212
user_105730,dev_107213
user_105730,dev_107214
user_105731,dev_107215
user_105731,dev_107216
user_105731,dev_107217
user_105731,dev_107218
user_105731,dev_107219
user_105732,dev_107220
user_105733,dev_107221
user_105733,dev_107222
user_105733,dev_107223
user_105733,dev_107224
user_105733,dev_107225
user_105733,dev_107226
user_105733,dev_107227
user_105733,dev_107228
user_105733,dev_107229
user_105733,dev_107230
user_105733,dev_107231
user_105733,dev_107232
user_105734,dev_107233
user_105735,dev_107234
user_105735,dev_107235
user_105736,dev_107236
user_105737,dev_107237
user_105738,dev_107238
user_105739,dev_107239
user_105740,dev_107240
user_105741,dev_107241
user_105742,dev_107242
user_105743,dev_107243
user_105744,dev_107244
user_105745,dev_107245
user_105746,dev_107246
user_105747,dev_107247
user_105748,dev_107248
user_105748,dev_107249
user_105748,dev_107250
user_105749,dev_104544
user_105749,dev_104545
user_105750,dev_107251
user_105751,dev_107252
user_105752,dev_107253
user_105753,dev_107254
user_105754,dev_107255
user_105755,dev_107256
user_105756,dev_107257
user_105757,dev_107258
user_105758,dev_107259
user_105759,dev_107260
user_105760,dev_107261
user_105761,dev_103948
user_105762,dev_105700
user_105763,dev_107262
user_105764,dev_107263
user_105765,dev_107264
user_105766,dev_107265
user_105767,dev_107266
user_105768,dev_107267
user_105769,dev_107268
user_105770,dev_107269
user_105771,dev_107270
user_105772,dev_107271
user_105773,dev_107272
user_105773,dev_107273
user_105774,dev_107274
user_105775,dev_107275
user_105775,dev_107276
user_105776,dev_107277
user_105777,dev_107278
user_105778,dev_107279
user_105779,dev_107280
user_105780,dev_107281
user_105780,dev_107282
user_105781,dev_107283
user_105781,dev_107284
user_105781,dev_107285
user_105782,dev_107286
user_105783,dev_107287
user_105784,dev_107288
user_105785,dev_107289
user_102821,dev_105036
user_105786,dev_107290
user_105787,dev_107291
user_105788,dev_107292
user_105789,dev_107293
user_105790,dev_107294
user_105791,dev_107295
user_105792,dev_107296
user_105793,dev_107297
user_105794,dev_107298
user_105795,dev_107299
user_105796,dev_107300
user_105797,dev_107301
user_105798,dev_107302
user_105799,dev_104600
user_105800,dev_107303
user_105801,dev_107304
user_105802,dev_107305
user_105803,dev_107306
user_105803,dev_107307
user_105803,dev_107308
user_105804,dev_107309
user_105805,dev_107310
user_105806,dev_107311
user_105807,dev_107312
user_105808,dev_104236
user_105809,dev_107313
user_105810,dev_107314
user_105811,dev_107315
user_105812,dev_107316
user_105813,dev_107317
user_105814,dev_107318
user_105815,dev_107319
user_105816,dev_107320
user_105817,dev_107321
user_105818,dev_107322
user_105819,dev_107323
user_105820,dev_107324
user_105821,dev_107325
user_105822,dev_107326
user_105823,dev_107327
user_105823,dev_107328
user_105824,dev_107329
user_105824,dev_107330
user_105824,dev_107331
user_105824,dev_107332
user_102852,dev_104398
user_105825,dev_107333
user_105826,dev_107334
user_105827,dev_107335
user_105828,dev_107336
user_105829,dev_107337
user_105829,dev_107338
user_105829,dev_107339
user_105829,dev_107340
user_105830,dev_107341
user_105831,dev_105920
user_105832,dev_107342
user_105833,dev_107343
user_105834,dev_107344
user_105834,dev_107345
user_105834,dev_107346
user_105835,dev_107347
user_105836,dev_107348
user_105837,dev_107349
user_105838,dev_107350
user_105839,dev_107351
user_105840,dev_107352
user_105841,dev_107353
user_105842,dev_107354
user_105843,dev_107355
user_105844,dev_107356
user_105845,dev_107357
user_105846,dev_107358
user_105847,dev_107359
user_105848,dev_107360
user_105849,dev_107361
user_105849,dev_107362
user_105850,dev_105160
user_105851,dev_107363
user_105852,dev_107364
user_105853,dev_107365
user_105854,dev_107366
user_105855,dev_107367
user_105856,dev_107368
user_105857,dev_107369
user_105858,dev_105074
user_105859,dev_107370
user_105860,dev_107371
user_105861,dev_107372
user_105862,dev_107373
user_105863,dev_107374
user_105863,dev_107375
user_105863,dev_107376
user_105864,dev_107377
user_105865,dev_107378
user_105866,dev_107379
user_105867,dev_107380
user_105868,dev_107381
user_105869,dev_107382
user_105870,dev_107383
user_105871,dev_107384
user_105872,dev_107147
user_105873,dev_107385
user_105874,dev_107386
user_105875,dev_107387
user_105876,dev_107388
user_105876,dev_107389
user_105877,dev_107154
user_105878,dev_107390
user_105879,dev_107391
user_105880,dev_107392
user_105881,dev_107393
user_105882,dev_107394
user_105883,dev_107395
user_105884,dev_107396
user_105885,dev_107397
user_105886,dev_107398
user_105887,dev_106516
user_105888,dev_107399
user_105889,dev_107400
user_105890,dev_107401
user_105891,dev_107151
user_105892,dev_107402
user_105893,dev_107403
user_105894,dev_107404
user_105894,dev_107405
user_105894,dev_107406
user_105894,dev_107407
user_105894,dev_107408
user_105894,dev_107409
user_105895,dev_107410
user_105896,dev_107411
user_105897,dev_107412
user_105898,dev_107413
user_102930,dev_104200
user_105899,dev_107414
user_105900,dev_107415
user_105901,dev_107416
user_105902,dev_107417
user_105903,dev_104102
user_105904,dev_107418
user_105905,dev_107419
user_105906,dev_107420
user_105907,dev_107421
user_105908,dev_104953
user_105909,dev_104163
user_105910,dev_107422
user_105911,dev_107423
user_105912,dev_107410
user_105913,dev_107424
user_102945,dev_106524
user_105914,dev_107425
user_105915,dev_107426
user_105916,dev_107427
user_105917,dev_107428
user_105918,dev_104795
user_105919,dev_107429
user_105920,dev_107430
user_105921,dev_107431
user_105922,dev_107432
user_105923,dev_107433
user_105924,dev_107434
user_105925,dev_107435
user_105925,dev_107436
user_105926,dev_107437
user_105927,dev_107438
user_105928,dev_107439
user_105929,dev_107440
user_105930,dev_107441
user_105931,dev_107442
user_105932,dev_104507
user_105933,dev_107443
user_105934,dev_107444
user_105935,dev_106608
user_105936,dev_107445
user_105937,dev_107446
user_105938,dev_104590
user_105939,dev_107447
user_105940,dev_107448
user_105941,dev_107449
user_105942,dev_107450
user_105943,dev_107451
user_105944,dev_107452
user_105945,dev_107453
user_105946,dev_107454
user_105947,dev_107455
user_105948,dev_107456
user_105949,dev_107457
user_105950,dev_107458
user_105951,dev_107459
user_105952,dev_107460
user_105953,dev_107461
user_105954,dev_107462
user_105955,dev_107463
user_105956,dev_107464
user_105957,dev_107465
user_105958,dev_107466
user_105959,dev_107467
user_105960,dev_107468
user_105961,dev_107469
user_105962,dev_107470
user_105963,dev_107471
user_105964,dev_107472
user_105965,dev_107473
user_105966,dev_107474
user_105967,dev_107475
user_105968,dev_107476
user_105969,dev_107477
user_105970,dev_107478
user_105970,dev_107479
user_105970,dev_107480
user_105970,dev_107481
user_105971,dev_107443
user_105972,dev_107482
user_105973,dev_107483
user_105974,dev_107484
user_105975,dev_107485
user_105976,dev_107486
user_105977,dev_107487
user_105978,dev_107488
user_105979,dev_104819
user_105979,dev_104820
user_105980,dev_107489
user_105981,dev_107490
user_105982,dev_105841
user_103034,dev_107491
user_105983,dev_107492
user_105984,dev_107493
user_105984,dev_107494
user_105985,dev_107495
user_105986,dev_107496
user_105986,dev_107497
user_105987,dev_107498
user_105988,dev_107104
user_105989,dev_107499
user_105990,dev_107500
user_105991,dev_107501
user_105992,dev_107502
user_105993,dev_107503
user_105994,dev_107504
user_105995,dev_107505
user_105996,dev_107506
user_105997,dev_104975
user_105998,dev_107507
user_105999,dev_107508
user_106000,dev_107509
user_106001,dev_106702
user_106002,dev_107510
user_106003,dev_107511
user_106004,dev_107512
user_106004,dev_107513
user_106005,dev_107514
user_106006,dev_106810
user_106007,dev_107515
user_106007,dev_107516
user_106008,dev_107517
user_106009,dev_107518
user_106010,dev_107519
user_103059,dev_107520
user_103059,dev_107521
user_106011,dev_106362
user_106012,dev_107522
user_106013,dev_107523
user_106013,dev_107524
user_106014,dev_107525
user_106015,dev_107526
user_106016,dev_107527
user_106017,dev_107528
user_106018,dev_107529
user_106019,dev_107530
user_106020,dev_107531
user_106021,dev_107532
user_106021,dev_107533
user_106022,dev_107534
user_106023,dev_105850
user_106024,dev_107535
user_106025,dev_107536
user_106026,dev_107537
user_106027,dev_107538
user_106028,dev_107539
user_106029,dev_107540
user_106030,dev_104953
user_106031,dev_107541
user_106032,dev_107542
user_106033,dev_104397
user_106034,dev_107543
user_106035,dev_107544
user_106036,dev_107545
user_106037,dev_107546
user_106038,dev_107547
user_106039,dev_107548
user_106040,dev_107549
user_106040,dev_107550
user_106041,dev_107551
user_106042,dev_107552
user_106043,dev_107553
user_106044,dev_107554
user_106045,dev_107555
user_106045,dev_107556
user_106045,dev_107557
user_106046,dev_107558
user_106047,dev_107433
user_106048,dev_107559
user_106048,dev_107560
user_106048,dev_107561
user_106049,dev_107562
