user_id,device_id
user_100000,dev_100000
user_100001,dev_100001
user_100002,dev_100002
user_100003,dev_100003
user_100004,dev_100004
user_100005,dev_100005
user_100006,dev_100006
user_100007,dev_100007
user_100008,dev_100008
user_100008,dev_100009
user_100009,dev_100010
user_100010,dev_100011
user_100011,dev_100012
user_100012,dev_100013
user_100013,dev_100014
user_100014,dev_100015
user_100015,dev_100016
user_100016,dev_100017
user_100017,dev_100018
user_100018,dev_100019
user_100018,dev_100020
user_100019,dev_100021
user_100020,dev_100022
user_100021,dev_100023
user_100022,dev_100024
user_100023,dev_100025
user_100024,dev_100026
user_100025,dev_100027
user_100026,dev_100028
user_100027,dev_100029
user_100028,dev_100030
user_100028,dev_100031
user_100029,dev_100032
user_100030,dev_100033
user_100031,dev_100034
user_100032,dev_100035
user_100032,dev_100036
user_100033,dev_100037
user_100034,dev_100038
user_100035,dev_100039
user_100036,dev_100040
user_100037,dev_100041
user_100038,dev_100042
user_100039,dev_100043
user_100039,dev_100044
user_100039,dev_100045
user_100039,dev_100046
user_100040,dev_100047
user_100041,dev_100048
user_100042,dev_100049
user_100042,dev_100050
user_100042,dev_100051
user_100043,dev_100052
user_100044,dev_100053
user_100045,dev_100054
user_100046,dev_100055
user_100047,dev_100056
user_100048,dev_100057
user_100049,dev_100058
user_100050,dev_100059
user_100050,dev_100060
user_100050,dev_100061
user_100050,dev_100062
user_100050,dev_100063
user_100051,dev_100064
user_100051,dev_100065
user_100052,dev_100066
user_100053,dev_100067
user_100054,dev_100068
user_100055,dev_100069
user_100056,dev_100070
user_100057,dev_100071
user_100058,dev_100072
user_100059,dev_100073
user_100060,dev_100074
user_100061,dev_100075
user_100062,dev_100076
user_100063,dev_100077
user_100064,dev_100078
user_100065,dev_100079
user_100066,dev_100080
user_100066,dev_100081
user_100066,dev_100082
user_100067,dev_100083
user_100068,dev_100084
user_100069,dev_100085
user_100070,dev_100086
user_100071,dev_100087
user_100072,dev_100088
user_100072,dev_100089
user_100072,dev_100090
user_100072,dev_100091
user_100072,dev_100092
user_100072,dev_100093
user_100072,dev_100094
user_100072,dev_100095
user_100072,dev_100096
user_100072,dev_100097
user_100072,dev_100098
user_100072,dev_100099
user_100072,dev_100100
user_100073,dev_100101
user_100074,dev_100102
user_100075,dev_100103
user_100076,dev_100104
user_100077,dev_100105
user_100078,dev_100106
user_100079,dev_100107
user_100080,dev_100108
user_100081,dev_100109
user_100082,dev_100110
user_100083,dev_100111
user_100084,dev_100112
user_100085,dev_100113
user_100086,dev_100114
user_100087,dev_100115
user_100088,dev_100116
user_100089,dev_100117
user_100090,dev_100118
user_100090,dev_100119
user_100090,dev_100120
user_100090,dev_100121
user_100090,dev_100122
user_100090,dev_100123
user_100090,dev_100124
user_100090,dev_100125
user_100090,dev_100126
user_100090,dev_100127
user_100091,dev_100128
user_100092,dev_100129
user_100093,dev_100130
user_100094,dev_100131
user_100095,dev_100132
user_100096,dev_100133
user_100097,dev_100134
user_100098,dev_100135
user_100099,dev_100136
user_100100,dev_100137
user_100100,dev_100138
user_100101,dev_100139
user_100102,dev_100140
user_100103,dev_100141
user_100104,dev_100142
user_100105,dev_100143
user_100106,dev_100144
user_100107,dev_100145
user_100108,dev_100146
user_100109,dev_100147
user_100110,dev_100148
user_100111,dev_100149
user_100112,dev_100150
user_100113,dev_100151
user_100114,dev_100152
user_100114,dev_100153
user_100114,dev_100154
user_100114,dev_100155
user_100114,dev_100156
user_100114,dev_100157
user_100114,dev_100158
user_100114,dev_100159
user_100114,dev_100160
user_100114,dev_100161
user_100114,dev_100162
user_100114,dev_100163
user_100114,dev_100164
user_100114,dev_100165
user_100114,dev_100166
user_100114,dev_100167
user_100114,dev_100168
user_100114,dev_100169
user_100114,dev_100170
user_100114,dev_100171
user_100114,dev_100172
user_100114,dev_100173
user_100114,dev_100174
user_100114,dev_100175
user_100114,dev_100176
user_100114,dev_100177
user_100114,dev_100178
user_100115,dev_100179
user_100116,dev_100180
user_100117,dev_100181
user_100117,dev_100182
user_100118,dev_100183
user_100119,dev_100184
user_100120,dev_100185
user_100121,dev_100186
user_100122,dev_100187
user_100123,dev_100188
user_100124,dev_100189
user_100125,dev_100190
user_100126,dev_100191
user_100126,dev_100192
user_100127,dev_100193
user_100128,dev_100194
user_100129,dev_100195
user_100129,dev_100196
user_100130,dev_100197
user_100131,dev_100198
user_100132,dev_100199
user_100133,dev_100200
user_100134,dev_100201
user_100134,dev_100202
user_100134,dev_100203
user_100135,dev_100204
user_100136,dev_100205
user_100137,dev_100206
user_100138,dev_100207
user_100139,dev_100208
user_100140,dev_100209
user_100141,dev_100210
user_100142,dev_100211
user_100143,dev_100212
user_100144,dev_100213
user_100145,dev_100214
user_100146,dev_100215
user_100147,dev_100216
user_100148,dev_100217
user_100149,dev_100218
user_100150,dev_100219
user_100151,dev_100220
user_100152,dev_100221
user_100153,dev_100222
user_100154,dev_100223
user_100155,dev_100224
user_100156,dev_100225
user_100157,dev_100226
user_100158,dev_100227
user_100159,dev_100228
user_100159,dev_100229
user_100160,dev_100230
user_100161,dev_100231
user_100162,dev_100232
user_100163,dev_100233
user_100164,dev_100234
user_100165,dev_100235
user_100166,dev_100236
user_100166,dev_100237
user_100167,dev_100238
user_100168,dev_100239
user_100169,dev_100240
user_100170,dev_100241
user_100171,dev_100242
user_100171,dev_100243
user_100171,dev_100244
user_100172,dev_100245
user_100173,dev_100246
user_100174,dev_100247
user_100175,dev_100248
user_100176,dev_100249
user_100177,dev_100250
user_100178,dev_100251
user_100179,dev_100252
user_100180,dev_100253
user_100181,dev_100254
user_100182,dev_100255
user_100183,dev_100256
user_100184,dev_100257
user_100185,dev_100258
user_100186,dev_100259
user_100187,dev_100260
user_100187,dev_100261
user_100188,dev_100262
user_100189,dev_100263
user_100190,dev_100264
user_100191,dev_100265
user_100192,dev_100266
user_100193,dev_100267
user_100194,dev_100268
user_100195,dev_100269
user_100196,dev_100270
user_100197,dev_100271
user_100198,dev_100272
user_100199,dev_100273
user_100200,dev_100274
user_100201,dev_100275
user_100202,dev_100276
user_100203,dev_100277
user_100204,dev_100278
user_100205,dev_100279
user_100205,dev_100280
user_100205,dev_100281
user_100206,dev_100282
user_100207,dev_100283
user_100208,dev_100284
user_100209,dev_100285
user_100210,dev_100286
user_100211,dev_100287
user_100211,dev_100288
user_100212,dev_100289
user_100213,dev_100290
user_100213,dev_100291
user_100214,dev_100292
user_100215,dev_100293
user_100216,dev_100294
user_100217,dev_100295
user_100218,dev_100296
user_100219,dev_100297
user_100220,dev_100298
user_100221,dev_100299
user_100222,dev_100300
user_100223,dev_100301
user_100224,dev_100302
user_100224,dev_100303
user_100224,dev_100304
user_100224,dev_100305
user_100224,dev_100306
user_100224,dev_100307
user_100225,dev_100308
user_100226,dev_100309
user_100227,dev_100310
user_100228,dev_100311
user_100229,dev_100312
user_100230,dev_100313
user_100231,dev_100314
user_100232,dev_100315
user_100233,dev_100316
user_100234,dev_100317
user_100234,dev_100318
user_100234,dev_100319
user_100234,dev_100320
user_100234,dev_100321
user_100235,dev_100322
user_100236,dev_100323
user_100237,dev_100324
user_100238,dev_100325
user_100239,dev_100326
user_100240,dev_100327
user_100241,dev_100328
user_100242,dev_100329
user_100243,dev_100330
user_100244,dev_100331
user_100245,dev_100332
user_100246,dev_100333
user_100247,dev_100334
user_100248,dev_100335
user_100249,dev_100336
user_100250,dev_100337
user_100251,dev_100338
user_100251,dev_100339
user_100251,dev_100340
user_100252,dev_100341
user_100252,dev_100342
user_100253,dev_100343
user_100254,dev_100344
user_100255,dev_100345
user_100256,dev_100346
user_100257,dev_100347
user_100258,dev_100348
user_100259,dev_100349
user_100260,dev_100350
user_100260,dev_100351
user_100260,dev_100352
user_100260,dev_100353
user_100260,dev_100354
user_100260,dev_100355
user_100260,dev_100356
user_100260,dev_100357
user_100260,dev_100358
user_100260,dev_100359
user_100260,dev_100360
user_100260,dev_100361
user_100260,dev_100362
user_100260,dev_100363
user_100260,dev_100364
user_100260,dev_100365
user_100260,dev_100366
user_100260,dev_100367
user_100260,dev_100368
user_100260,dev_100369
user_100260,dev_100370
user_100260,dev_100371
user_100260,dev_100372
user_100260,dev_100373
user_100260,dev_100374
user_100260,dev_100375
user_100261,dev_100376
user_100262,dev_100377
user_100263,dev_100378
user_100264,dev_100379
user_100265,dev_100380
user_100266,dev_100381
user_100267,dev_100382
user_100268,dev_100383
user_100269,dev_100384
user_100270,dev_100385
user_100270,dev_100386
user_100270,dev_100387
user_100271,dev_100388
user_100272,dev_100389
user_100273,dev_100390
user_100274,dev_100391
user_100275,dev_100392
user_100276,dev_100393
user_100277,dev_100394
user_100278,dev_100395
user_100279,dev_100396
user_100280,dev_100397
user_100281,dev_100398
user_100282,dev_100399
user_100283,dev_100400
user_100283,dev_100401
user_100284,dev_100402
user_100285,dev_100403
user_100286,dev_100404
user_100287,dev_100405
user_100288,dev_100406
user_100289,dev_100407
user_100290,dev_100408
user_100291,dev_100409
user_100292,dev_100410
user_100293,dev_100411
user_100294,dev_100412
user_100295,dev_100413
user_100296,dev_100414
user_100297,dev_100415
user_100298,dev_100416
user_100299,dev_100417
user_100300,dev_100418
user_100301,dev_100419
user_100302,dev_100420
user_100303,dev_100421
user_100304,dev_100422
user_100305,dev_100423
user_100305,dev_100424
user_100306,dev_100425
user_100307,dev_100426
user_100308,dev_100427
user_100309,dev_100428
user_100310,dev_100429
user_100311,dev_100430
user_100312,dev_100431
user_100313,dev_100432
user_100314,dev_100433
user_100315,dev_100434
user_100316,dev_100435
user_100317,dev_100436
user_100318,dev_100437
user_100319,dev_100438
user_100320,dev_100439
user_100321,dev_100440
user_100322,dev_100441
user_100322,dev_100442
user_100323,dev_100443
user_100324,dev_100444
user_100325,dev_100445
user_100326,dev_100446
user_100327,dev_100447
user_100328,dev_100448
user_100329,dev_100449
user_100330,dev_100450
user_100331,dev_100451
user_100332,dev_100452
user_100333,dev_100453
user_100334,dev_100454
user_100335,dev_100455
user_100335,dev_100456
user_100335,dev_100457
user_100336,dev_100458
user_100337,dev_100459
user_100338,dev_100460
user_100339,dev_100461
user_100340,dev_100462
user_100341,dev_100463
user_100342,dev_100464
user_100343,dev_100465
user_100344,dev_100466
user_100345,dev_100467
user_100346,dev_100468
user_100347,dev_100469
user_100348,dev_100470
user_100349,dev_100471
user_100350,dev_100472
user_100351,dev_100473
user_100352,dev_100474
user_100353,dev_100475
user_100354,dev_100476
user_100355,dev_100477
user_100356,dev_100478
user_100356,dev_100479
user_100356,dev_100480
user_100356,dev_100481
user_100356,dev_100482
user_100357,dev_100483
user_100357,dev_100484
user_100358,dev_100485
user_100359,dev_100486
user_100360,dev_100487
user_100361,dev_100488
user_100362,dev_100489
user_100363,dev_100490
user_100364,dev_100491
user_100365,dev_100492
user_100366,dev_100493
user_100367,dev_100494
user_100368,dev_100495
user_100369,dev_100059
user_100370,dev_100496
user_100371,dev_100497
user_100372,dev_100498
user_100373,dev_100499
user_100374,dev_100500
user_100375,dev_100501
user_100376,dev_100502
user_100377,dev_100503
user_100378,dev_100504
user_100379,dev_100505
user_100380,dev_100506
user_100381,dev_100507
user_100381,dev_100508
user_100382,dev_100509
user_100382,dev_100510
user_100383,dev_100511
user_100384,dev_100512
user_100385,dev_100513
user_100386,dev_100514
user_100387,dev_100515
user_100388,dev_100516
user_100389,dev_100517
user_100390,dev_100518
user_100391,dev_100519
user_100392,dev_100520
user_100393,dev_100521
user_100394,dev_100522
user_100395,dev_100523
user_100396,dev_100524
user_100397,dev_100525
user_100398,dev_100526
user_100399,dev_100527
user_100400,dev_100528
user_100400,dev_100529
user_100401,dev_100530
user_100402,dev_100531
user_100403,dev_100532
user_100404,dev_100533
user_100405,dev_100534
user_100406,dev_100535
user_100407,dev_100536
user_100408,dev_100537
user_100409,dev_100538
user_100410,dev_100539
user_100411,dev_100540
user_100412,dev_100541
user_100412,dev_100542
user_100413,dev_100543
user_100414,dev_100544
user_100415,dev_100545
user_100416,dev_100546
user_100417,dev_100547
user_100418,dev_100548
user_100419,dev_100549
user_100420,dev_100550
user_100421,dev_100551
user_100422,dev_100552
user_100423,dev_100553
user_100424,dev_100554
user_100425,dev_100555
user_100426,dev_100556
user_100427,dev_100557
user_100428,dev_100558
user_100429,dev_100559
user_100430,dev_100560
user_100430,dev_100561
user_100431,dev_100562
user_100432,dev_100563
user_100433,dev_100564
user_100434,dev_100565
user_100435,dev_100566
user_100436,dev_100567
user_100437,dev_100568
user_100438,dev_100569
user_100439,dev_100570
user_100440,dev_100571
user_100441,dev_100572
user_100442,dev_100573
user_100443,dev_100574
user_100444,dev_100575
user_100444,dev_100576
user_100445,dev_100577
user_100446,dev_100578
user_100447,dev_100579
user_100447,dev_100580
user_100447,dev_100581
user_100447,dev_100582
user_100447,dev_100583
user_100447,dev_100584
user_100448,dev_100585
user_100448,dev_100586
user_100448,dev_100587
user_100448,dev_100588
user_100449,dev_100589
user_100449,dev_100590
user_100450,dev_100591
user_100451,dev_100592
user_100452,dev_100593
user_100452,dev_100594
user_100453,dev_100595
user_100454,dev_100596
user_100455,dev_100597
user_100456,dev_100598
user_100457,dev_100599
user_100458,dev_100600
user_100459,dev_100601
user_100460,dev_100602
user_100461,dev_100603
user_100462,dev_100604
user_100463,dev_100605
user_100464,dev_100606
user_100465,dev_100607
user_100466,dev_100608
user_100467,dev_100609
user_100468,dev_100279
user_100469,dev_100610
user_100470,dev_100611
user_100471,dev_100612
user_100472,dev_100613
user_100473,dev_100614
user_100474,dev_100615
user_100475,dev_100616
user_100476,dev_100617
user_100477,dev_100618
user_100478,dev_100619
user_100479,dev_100620
user_100480,dev_100621
user_100481,dev_100622
user_100482,dev_100623
user_100482,dev_100624
user_100483,dev_100625
user_100484,dev_100626
user_100485,dev_100627
user_100486,dev_100628
user_100487,dev_100629
user_100488,dev_100348
user_100489,dev_100630
user_100490,dev_100631
user_100491,dev_100632
user_100491,dev_100633
user_100491,dev_100634
user_100492,dev_100635
user_100493,dev_100636
user_100494,dev_100637
user_100495,dev_100638
user_100496,dev_100639
user_100497,dev_100640
user_100498,dev_100641
user_100499,dev_100642
user_100500,dev_100643
user_100501,dev_100644
user_100502,dev_100645
user_100503,dev_100646
user_100504,dev_100647
user_100505,dev_100648
user_100506,dev_100224
user_100507,dev_100649
user_100508,dev_100650
user_100509,dev_100651
user_100510,dev_100652
user_100511,dev_100653
user_100511,dev_100654
user_100511,dev_100655
user_100511,dev_100656
user_100511,dev_100657
user_100512,dev_100658
user_100513,dev_100659
user_100514,dev_100660
user_100515,dev_100661
user_100516,dev_100662
user_100517,dev_100663
user_100518,dev_100664
user_100519,dev_100224
user_100520,dev_100665
user_100520,dev_100666
user_100521,dev_100667
user_100522,dev_100668
user_100522,dev_100669
user_100523,dev_100670
user_100524,dev_100671
user_100525,dev_100672
user_100525,dev_100673
user_100525,dev_100674
user_100526,dev_100675
user_100527,dev_100676
user_100528,dev_100677
user_100529,dev_100678
user_100530,dev_100679
user_100531,dev_100680
user_100532,dev_100681
user_100533,dev_100682
user_100534,dev_100683
user_100535,dev_100684
user_100535,dev_100685
user_100536,dev_100686
user_100537,dev_100687
user_100538,dev_100688
user_100539,dev_100689
user_100540,dev_100690
user_100541,dev_100691
user_100542,dev_100692
user_100543,dev_100693
user_100543,dev_100694
user_100544,dev_100695
user_100545,dev_100696
user_100546,dev_100697
user_100547,dev_100698
user_100548,dev_100699
user_100549,dev_100700
user_100550,dev_100701
user_100551,dev_100702
user_100552,dev_100703
user_100553,dev_100704
user_100554,dev_100705
user_100554,dev_100706
user_100555,dev_100707
user_100556,dev_100708
user_100557,dev_100709
user_100558,dev_100710
user_100559,dev_100711
user_100560,dev_100712
user_100561,dev_100713
user_100562,dev_100714
user_100563,dev_100715
user_100564,dev_100716
user_100565,dev_100717
user_100566,dev_100718
user_100567,dev_100719
user_100568,dev_100720
user_100568,dev_100721
user_100569,dev_100722
user_100570,dev_100723
user_100571,dev_100724
user_100572,dev_100725
user_100573,dev_100726
user_100574,dev_100727
user_100575,dev_100728
user_100576,dev_100729
user_100576,dev_100730
user_100576,dev_100731
user_100576,dev_100732
user_100576,dev_100733
user_100577,dev_100734
user_100577,dev_100735
user_100577,dev_100736
user_100577,dev_100737
user_100577,dev_100738
user_100578,dev_100739
user_100579,dev_100458
user_100580,dev_100740
user_100581,dev_100741
user_100582,dev_100742
user_100583,dev_100743
user_100584,dev_100744
user_100585,dev_100472
user_100586,dev_100745
user_100586,dev_100746
user_100587,dev_100747
user_100587,dev_100748
user_100587,dev_100749
user_100588,dev_100750
user_100589,dev_100751
user_100590,dev_100348
user_100591,dev_100752
user_100592,dev_100753
user_100593,dev_100754
user_100594,dev_100755
user_100595,dev_100756
user_100595,dev_100757
user_100596,dev_100758
user_100597,dev_100759
user_100597,dev_100760
user_100598,dev_100761
user_100599,dev_100762
user_100600,dev_100763
user_100600,dev_100764
user_100600,dev_100765
user_100600,dev_100766
user_100601,dev_100767
user_100602,dev_100768
user_100603,dev_100769
user_100604,dev_100770
user_100605,dev_100771
user_100606,dev_100772
user_100607,dev_100773
user_100608,dev_100774
user_100609,dev_100775
user_100610,dev_100776
user_100611,dev_100777
user_100612,dev_100778
user_100613,dev_100779
user_100614,dev_100780
user_100615,dev_100781
user_100615,dev_100782
user_100615,dev_100783
user_100616,dev_100784
user_100617,dev_100785
user_100618,dev_100786
user_100618,dev_100787
user_100619,dev_100788
user_100620,dev_100789
user_100620,dev_100790
user_100620,dev_100791
user_100621,dev_100792
user_100622,dev_100793
user_100623,dev_100794
user_100624,dev_100795
user_100625,dev_100796
user_100626,dev_100797
user_100627,dev_100798
user_100628,dev_100799
user_100628,dev_100800
user_100629,dev_100801
user_100629,dev_100802
user_100630,dev_100803
user_100631,dev_100804
user_100632,dev_100805
user_100633,dev_100806
user_100633,dev_100807
user_100634,dev_100808
user_100635,dev_100809
user_100636,dev_100810
user_100636,dev_100811
user_100636,dev_100812
user_100636,dev_100813
user_100636,dev_100814
user_100636,dev_100815
user_100636,dev_100816
user_100636,dev_100817
user_100636,dev_100818
user_100636,dev_100819
user_100636,dev_100820
user_100636,dev_100821
user_100636,dev_100822
user_100636,dev_100823
user_100637,dev_100824
user_100638,dev_100825
user_100638,dev_100826
user_100639,dev_100827
user_100640,dev_100828
user_100641,dev_100829
user_100642,dev_100830
user_100643,dev_100831
user_100644,dev_100832
user_100645,dev_100833
user_100646,dev_100834
user_100647,dev_100835
user_100648,dev_100836
user_100649,dev_100837
user_100650,dev_100838
user_100651,dev_100839
user_100652,dev_100840
user_100652,dev_100841
user_100653,dev_100842
user_100654,dev_100566
user_100655,dev_100843
user_100656,dev_100844
user_100657,dev_100845
user_100658,dev_100846
user_100659,dev_100847
user_100660,dev_100848
user_100661,dev_100849
user_100662,dev_100850
user_100663,dev_100851
user_100664,dev_100852
user_100665,dev_100853
user_100666,dev_100854
user_100667,dev_100855
user_100668,dev_100856
user_100669,dev_100857
user_100670,dev_100858
user_100671,dev_100859
user_100672,dev_100860
user_100673,dev_100861
user_100674,dev_100862
user_100675,dev_100863
user_100676,dev_100864
user_100677,dev_100865
user_100678,dev_100866
user_100679,dev_100867
user_100680,dev_100868
user_100681,dev_100869
user_100682,dev_100870
user_100682,dev_100871
user_100682,dev_100872
user_100682,dev_100873
user_100682,dev_100874
user_100682,dev_100875
user_100683,dev_100824
user_100684,dev_100876
user_100685,dev_100877
user_100686,dev_100878
user_100686,dev_100879
user_100687,dev_100880
user_100688,dev_100881
user_100689,dev_100882
user_100690,dev_100883
user_100690,dev_100884
user_100690,dev_100885
user_100690,dev_100886
user_100691,dev_100887
user_100692,dev_100888
user_100693,dev_100889
user_100694,dev_100890
user_100695,dev_100891
user_100696,dev_100892
user_100697,dev_100893
user_100698,dev_100894
user_100699,dev_100895
user_100700,dev_100896
user_100701,dev_100897
user_100702,dev_100898
user_100703,dev_100899
user_100704,dev_100900
user_100704,dev_100901
user_100704,dev_100902
user_100704,dev_100903
user_100704,dev_100904
user_100704,dev_100905
user_100704,dev_100906
user_100704,dev_100907
user_100705,dev_100908
user_100706,dev_100909
user_100707,dev_100910
user_100707,dev_100911
user_100707,dev_100912
user_100707,dev_100913
user_100707,dev_100914
user_100707,dev_100915
user_100707,dev_100916
user_100707,dev_100917
user_100708,dev_100918
user_100709,dev_100919
user_100710,dev_100224
user_100711,dev_100920
user_100711,dev_100921
user_100711,dev_100922
user_100711,dev_100923
user_100711,dev_100924
user_100711,dev_100925
user_100711,dev_100926
user_100711,dev_100927
user_100711,dev_100928
user_100711,dev_100929
user_100711,dev_100930
user_100711,dev_100931
user_100711,dev_100932
user_100711,dev_100933
user_100711,dev_100934
user_100711,dev_100935
user_100711,dev_100936
user_100711,dev_100937
user_100711,dev_100938
user_100711,dev_100939
user_100711,dev_100940
user_100711,dev_100941
user_100711,dev_100942
user_100711,dev_100943
user_100711,dev_100944
user_100711,dev_100945
user_100711,dev_100946
user_100711,dev_100947
user_100711,dev_100948
user_100711,dev_100949
user_100711,dev_100950
user_100711,dev_100951
user_100711,dev_100952
user_100711,dev_100953
user_100711,dev_100954
user_100711,dev_100955
user_100711,dev_100956
user_100711,dev_100957
user_100711,dev_100958
user_100711,dev_100959
user_100711,dev_100960
user_100711,dev_100961
user_100711,dev_100962
user_100711,dev_100963
user_100711,dev_100964
user_100711,dev_100965
user_100712,dev_100966
user_100713,dev_100967
user_100714,dev_100968
user_100715,dev_100969
user_100716,dev_100970
user_100717,dev_100971
user_100717,dev_100972
user_100718,dev_100973
user_100719,dev_100974
user_100720,dev_100975
user_100721,dev_100976
user_100722,dev_100977
user_100723,dev_100978
user_100724,dev_100979
user_100725,dev_100980
user_100726,dev_100981
user_100727,dev_100982
user_100728,dev_100983
user_100729,dev_100984
user_100730,dev_100985
user_100730,dev_100986
user_100730,dev_100987
user_100730,dev_100988
user_100731,dev_100989
user_100732,dev_100990
user_100733,dev_100044
user_100734,dev_100991
user_100734,dev_100992
user_100734,dev_100993
user_100735,dev_100994
user_100736,dev_100995
user_100737,dev_100996
user_100738,dev_100997
user_100739,dev_100998
user_100739,dev_100999
user_100740,dev_101000
user_100741,dev_101001
user_100742,dev_101002
user_100743,dev_101003
user_100744,dev_101004
user_100744,dev_101005
user_100745,dev_101006
user_100746,dev_101007
user_100747,dev_101008
user_100748,dev_101009
user_100748,dev_101010
user_100748,dev_101011
user_100749,dev_101012
user_100750,dev_101013
user_100751,dev_101014
user_100752,dev_101015
user_100753,dev_101016
user_100754,dev_101017
user_100755,dev_101018
user_100756,dev_101019
user_100757,dev_101020
user_100758,dev_101021
user_100758,dev_101022
user_100758,dev_101023
user_100759,dev_101024
user_100759,dev_101025
user_100759,dev_101026
user_100759,dev_101027
user_100759,dev_101028
user_100759,dev_101029
user_100759,dev_101030
user_100759,dev_101031
user_100760,dev_101032
user_100761,dev_101033
user_100762,dev_101034
user_100763,dev_101035
user_100764,dev_101036
user_100764,dev_101037
user_100764,dev_101038
user_100765,dev_101039
user_100765,dev_101040
user_100765,dev_101041
user_100765,dev_101042
user_100765,dev_101043
user_100765,dev_101044
user_100765,dev_101045
user_100765,dev_101046
user_100765,dev_101047
user_100765,dev_101048
user_100765,dev_101049
user_100765,dev_101050
user_100765,dev_101051
user_100765,dev_101052
user_100766,dev_101053
user_100767,dev_101054
user_100768,dev_101055
user_100769,dev_101056
user_100770,dev_101057
user_100771,dev_101058
user_100772,dev_101059
user_100773,dev_101060
user_100774,dev_101061
user_100775,dev_101062
user_100776,dev_101063
user_100777,dev_101064
user_100778,dev_101065
user_100779,dev_101066
user_100780,dev_101067
user_100781,dev_101068
user_100782,dev_101069
user_100782,dev_101070
user_100783,dev_101071
user_100784,dev_101072
user_100785,dev_101073
user_100786,dev_101074
user_100787,dev_101075
user_100788,dev_101076
user_100789,dev_101077
user_100790,dev_101078
user_100791,dev_101079
user_100792,dev_100224
user_100793,dev_101080
user_100794,dev_101081
user_100795,dev_101082
user_100796,dev_101083
user_100797,dev_101084
user_100797,dev_101085
user_100798,dev_101086
user_100799,dev_100757
user_100800,dev_101087
user_100801,dev_101088
user_100802,dev_101089
user_100803,dev_101090
user_100804,dev_101091
user_100805,dev_101092
user_100806,dev_101093
user_100807,dev_101094
user_100808,dev_101095
user_100809,dev_101096
user_100809,dev_101097
user_100810,dev_101098
user_100811,dev_101099
user_100812,dev_101100
user_100813,dev_101101
user_100814,dev_101102
user_100815,dev_101103
user_100815,dev_101104
user_100815,dev_101105
user_100815,dev_101106
user_100815,dev_101107
user_100815,dev_101108
user_100815,dev_101109
user_100815,dev_101110
user_100815,dev_101111
user_100816,dev_101112
user_100817,dev_101113
user_100817,dev_101114
user_100818,dev_101115
user_100819,dev_101116
user_100820,dev_101117
user_100821,dev_101118
user_100822,dev_101119
user_100823,dev_101120
user_100824,dev_101121
user_100825,dev_101122
user_100826,dev_101123
user_100827,dev_100224
user_100828,dev_101124
user_100829,dev_101125
user_100830,dev_101126
user_100831,dev_101127
user_100832,dev_101128
user_100833,dev_101129
user_100834,dev_101130
user_100835,dev_100656
user_100836,dev_101131
user_100837,dev_101132
user_100838,dev_101133
user_100839,dev_101134
user_100840,dev_101135
user_100841,dev_101136
user_100842,dev_101137
user_100843,dev_101138
user_100844,dev_101139
user_100845,dev_101140
user_100846,dev_100663
user_100847,dev_101141
user_100848,dev_101142
user_100849,dev_101143
user_100849,dev_101144
user_100850,dev_101145
user_100851,dev_101146
user_100852,dev_101147
user_100853,dev_101148
user_100854,dev_101149
user_100855,dev_101150
user_100856,dev_101151
user_100857,dev_101152
user_100858,dev_100597
user_100859,dev_101153
user_100860,dev_101154
user_100861,dev_101155
user_100862,dev_101156
user_100863,dev_101157
user_100864,dev_101158
user_100865,dev_101159
user_100866,dev_101160
user_100867,dev_101161
user_100868,dev_101162
user_100869,dev_101163
user_100870,dev_101164
user_100871,dev_101165
user_100872,dev_101166
user_100873,dev_101167
user_100874,dev_100700
user_100875,dev_101168
user_100876,dev_101169
user_100877,dev_101170
user_100878,dev_101171
user_100879,dev_101172
user_100880,dev_101173
user_100881,dev_100290
user_100882,dev_101174
user_100883,dev_101175
user_100883,dev_101176
user_100883,dev_101177
user_100883,dev_101178
user_100883,dev_101179
user_100883,dev_101180
user_100883,dev_101181
user_100883,dev_101182
user_100883,dev_101183
user_100884,dev_101184
user_100884,dev_101185
user_100884,dev_101186
user_100884,dev_101187
user_100884,dev_101188
user_100884,dev_101189
user_100884,dev_101190
user_100885,dev_101191
user_100885,dev_101192
user_100886,dev_101193
user_100887,dev_101194
user_100888,dev_101195
user_100889,dev_101196
user_100890,dev_101197
user_100891,dev_101198
user_100891,dev_101199
user_100891,dev_101200
user_100892,dev_101201
user_100893,dev_101202
user_100893,dev_101203
user_100893,dev_101204
user_100893,dev_101205
user_100893,dev_101206
user_100893,dev_101207
user_100893,dev_101208
user_100894,dev_101209
user_100895,dev_101210
user_100896,dev_101211
user_100897,dev_101212
user_100898,dev_101213
user_100899,dev_101214
user_100900,dev_101215
user_100901,dev_101216
user_100902,dev_101217
user_100903,dev_101218
user_100904,dev_101219
user_100905,dev_101220
user_100906,dev_101221
user_100907,dev_101222
user_100908,dev_101223
user_100909,dev_101224
user_100910,dev_101225
user_100911,dev_100657
user_100912,dev_101226
user_100912,dev_101227
user_100912,dev_101228
user_100913,dev_100348
user_100914,dev_101229
user_100915,dev_101230
user_100916,dev_101231
user_100917,dev_101232
user_100917,dev_101233
user_100918,dev_101234
user_100919,dev_101235
user_100920,dev_101236
user_100921,dev_101237
user_100922,dev_100202
user_100923,dev_101238
user_100924,dev_101239
user_100925,dev_101240
user_100926,dev_101241
user_100927,dev_101242
user_100928,dev_101243
user_100929,dev_101244
user_100930,dev_101245
user_100931,dev_101246
user_100932,dev_101247
user_100933,dev_101248
user_100933,dev_101249
user_100934,dev_101250
user_100935,dev_101251
user_100935,dev_101252
user_100936,dev_101253
user_100937,dev_101254
user_100938,dev_101255
user_100939,dev_101256
user_100940,dev_101257
user_100941,dev_101258
user_100942,dev_101259
user_100943,dev_101260
user_100944,dev_101261
user_100945,dev_101262
user_100945,dev_101263
user_100945,dev_101264
user_100946,dev_101265
user_100947,dev_101266
user_100947,dev_101267
user_100948,dev_101268
user_100949,dev_101269
user_100950,dev_101270
user_100951,dev_101271
user_100952,dev_101272
user_100953,dev_101273
user_100954,dev_101274
user_100955,dev_101275
user_100956,dev_101276
user_100957,dev_101277
user_100958,dev_101278
user_100959,dev_101279
user_100959,dev_101280
user_100960,dev_101281
user_100961,dev_101282
user_100962,dev_101283
user_100962,dev_101284
user_100962,dev_101285
user_100962,dev_101286
user_100962,dev_101287
user_100963,dev_101288
user_100964,dev_100348
user_100965,dev_101289
user_100966,dev_101290
user_100967,dev_101291
user_100968,dev_101144
user_100969,dev_101292
user_100970,dev_101293
user_100970,dev_101294
user_100971,dev_101295
user_100972,dev_101296
user_100973,dev_101297
user_100974,dev_101298
user_100975,dev_101299
user_100976,dev_101300
user_100977,dev_101301
user_100978,dev_101302
user_100979,dev_101303
user_100979,dev_101304
user_100980,dev_101305
user_100981,dev_101306
user_100982,dev_101307
user_100983,dev_101308
user_100984,dev_101309
user_100985,dev_101310
user_100986,dev_101311
user_100987,dev_100971
user_100987,dev_100972
user_100988,dev_101312
user_100989,dev_101313
user_100990,dev_101314
user_100991,dev_101315
user_100991,dev_101316
user_100991,dev_101317
user_100992,dev_101318
user_100993,dev_101319
user_100994,dev_101320
user_100994,dev_101321
user_100994,dev_101322
user_100994,dev_101323
user_100995,dev_101324
user_100995,dev_101325
user_100996,dev_101326
user_100996,dev_101327
user_100996,dev_101328
user_100996,dev_101329
user_100996,dev_101330
user_100996,dev_101331
user_100996,dev_101332
user_100996,dev_101333
user_100996,dev_101334
user_100996,dev_101335
user_100996,dev_101336
user_100996,dev_101337
user_100996,dev_101338
user_100996,dev_101339
user_100996,dev_101340
user_100996,dev_101341
user_100996,dev_101342
user_100996,dev_101343
user_100996,dev_101344
user_100996,dev_101345
user_100996,dev_101346
user_100996,dev_101347
user_100996,dev_101348
user_100996,dev_101349
user_100996,dev_101350
user_100996,dev_101351
user_100996,dev_101352
user_100996,dev_101353
user_100996,dev_101354
user_100996,dev_101355
user_100996,dev_101356
user_100996,dev_101357
user_100996,dev_101358
user_100996,dev_101359
user_100996,dev_101360
user_100996,dev_101361
user_100996,dev_101362
user_100996,dev_101363
user_100996,dev_101364
user_100997,dev_101365
user_100998,dev_101366
user_100999,dev_101367
user_101000,dev_101368
user_101000,dev_101369
user_101000,dev_101370
user_101001,dev_101371
user_101002,dev_101372
user_101003,dev_101373
user_101004,dev_101374
user_101005,dev_101375
user_101006,dev_101376
user_101007,dev_101377
user_101008,dev_101378
user_101009,dev_101379
user_101010,dev_101380
user_101011,dev_101381
user_101012,dev_101382
user_101013,dev_101383
user_101014,dev_101384
user_101015,dev_101385
user_101015,dev_101386
user_101015,dev_101387
user_101016,dev_101388
user_101017,dev_101389
user_101018,dev_101390
user_101019,dev_101391
user_101020,dev_101392
user_101021,dev_101393
user_101022,dev_101394
user_101023,dev_101395
user_101024,dev_101396
user_101025,dev_101397
user_101026,dev_101398
user_101026,dev_101399
user_101027,dev_101400
user_101028,dev_101401
user_101029,dev_101402
user_101030,dev_101403
user_101031,dev_101404
user_101032,dev_101405
user_101033,dev_101406
user_101034,dev_101407
user_101035,dev_101408
user_101036,dev_100290
user_101037,dev_101409
user_101038,dev_101410
user_101039,dev_101411
user_101040,dev_101412
user_101041,dev_101413
user_101041,dev_101414
user_101042,dev_101415
user_101043,dev_101416
user_101044,dev_101417
user_101045,dev_101418
user_101046,dev_101419
user_101047,dev_101420
user_101048,dev_101421
user_101048,dev_101422
user_101048,dev_100796
user_101049,dev_101423
user_101050,dev_101424
user_101051,dev_101425
user_101052,dev_100654
user_101053,dev_101426
user_101054,dev_101427
user_101055,dev_101428
user_101056,dev_100574
user_101057,dev_101429
user_101058,dev_100271
user_101059,dev_101430
user_101060,dev_101431
user_101061,dev_101432
user_101062,dev_101433
user_101063,dev_101434
user_101063,dev_101435
user_101064,dev_101436
user_101065,dev_101437
user_101066,dev_101438
user_101067,dev_101439
user_101068,dev_101440
user_101069,dev_101441
user_101069,dev_101442
user_101069,dev_101443
user_101069,dev_101444
user_101070,dev_101445
user_101071,dev_101446
user_101072,dev_101447
user_101073,dev_101448
user_101074,dev_101449
user_101075,dev_101450
user_101076,dev_101451
user_101077,dev_101452
user_101078,dev_101453
user_101079,dev_101454
user_101079,dev_101455
user_101079,dev_101456
user_101079,dev_101457
user_101080,dev_101458
user_101081,dev_101283
user_101082,dev_101459
user_101083,dev_101460
user_101084,dev_101461
user_101085,dev_101462
user_101086,dev_101463
user_101086,dev_101464
user_101086,dev_101465
user_101087,dev_101466
user_101088,dev_101467
user_101089,dev_101468
user_101090,dev_101469
user_101091,dev_101470
user_101092,dev_101471
user_101093,dev_100887
user_101094,dev_101472
user_101095,dev_101473
user_101096,dev_101474
user_101096,dev_101475
user_101097,dev_101476
user_101098,dev_100415
user_101099,dev_101477
user_101100,dev_101478
user_101101,dev_101479
user_101102,dev_101200
user_101103,dev_101480
user_101104,dev_101481
user_101104,dev_101482
user_101104,dev_101483
user_101104,dev_101484
user_101105,dev_101485
user_101105,dev_101486
user_101106,dev_101487
user_101107,dev_101488
user_101108,dev_100592
user_101109,dev_101489
user_101110,dev_101490
user_101111,dev_101491
user_101112,dev_101492
user_101113,dev_101493
user_101114,dev_101494
user_101115,dev_101495
user_101116,dev_101083
user_101117,dev_101496
user_101118,dev_101497
user_101119,dev_101498
user_101120,dev_101499
user_101121,dev_101500
user_101121,dev_101501
user_101122,dev_101502
user_101123,dev_101503
user_101124,dev_101504
user_101125,dev_101505
user_101126,dev_101506
user_101127,dev_101507
user_101128,dev_101508
user_101129,dev_101509
user_101130,dev_101510
user_101131,dev_101511
user_101132,dev_101512
user_101132,dev_101513
user_101133,dev_101514
user_101134,dev_101515
user_101134,dev_101516
user_101135,dev_101517
user_101136,dev_101518
user_101137,dev_101519
user_101138,dev_101520
user_101139,dev_101521
user_101140,dev_101522
user_101141,dev_101523
user_101142,dev_101524
user_101143,dev_100348
user_101144,dev_101525
user_101145,dev_100075
user_101146,dev_100348
user_101147,dev_101526
user_101147,dev_101527
user_101148,dev_101528
user_101149,dev_101529
user_101150,dev_101530
user_101151,dev_101531
user_101152,dev_101532
user_101153,dev_101533
user_101154,dev_101534
user_101155,dev_101535
user_101156,dev_101536
user_101157,dev_101537
user_101158,dev_101538
user_101159,dev_101059
user_101160,dev_101539
user_101161,dev_101540
user_101162,dev_101541
user_101163,dev_101542
user_101163,dev_101543
user_101163,dev_101544
user_101163,dev_101545
user_101163,dev_101546
user_101164,dev_101547
user_101165,dev_101548
user_101165,dev_101549
user_101165,dev_101550
user_101166,dev_101551
user_101167,dev_101552
user_101168,dev_101553
user_101169,dev_101554
user_101170,dev_101555
user_101171,dev_101556
user_101171,dev_101557
user_101171,dev_101558
user_101172,dev_101559
user_101173,dev_101560
user_101174,dev_101561
user_101175,dev_101562
user_101175,dev_101563
user_101176,dev_101564
user_101177,dev_101565
user_101178,dev_101566
user_101179,dev_101567
user_101179,dev_101568
user_101180,dev_101569
user_101181,dev_101570
user_101181,dev_101571
user_101181,dev_101572
user_101182,dev_101573
user_101183,dev_101574
user_101184,dev_101575
user_101185,dev_101576
user_101186,dev_101577
user_101186,dev_101578
user_101187,dev_101579
user_101188,dev_101580
user_101189,dev_101581
user_101190,dev_101582
user_101190,dev_101583
user_101190,dev_101584
user_101190,dev_101585
user_101190,dev_101586
user_101190,dev_101587
user_101190,dev_101588
user_101190,dev_101589
user_101191,dev_101590
user_101192,dev_101274
user_101193,dev_101591
user_101194,dev_101592
user_101194,dev_101593
user_101195,dev_101594
user_101196,dev_101595
user_101197,dev_101546
user_101198,dev_101596
user_101199,dev_101597
user_101200,dev_101598
user_101201,dev_101599
user_101202,dev_101600
user_101203,dev_101601
user_101204,dev_101602
user_101205,dev_100897
user_101206,dev_101603
user_101207,dev_101604
user_101208,dev_100348
user_101209,dev_101605
user_101209,dev_101606
user_101209,dev_101607
user_101210,dev_101608
user_101211,dev_101609
user_101212,dev_101610
user_101213,dev_101611
user_101214,dev_101612
user_101215,dev_101613
user_101216,dev_101614
user_101217,dev_101615
user_101218,dev_101616
user_101219,dev_101295
user_101220,dev_101617
user_101221,dev_101618
user_101222,dev_101619
user_101223,dev_101620
user_101224,dev_101621
user_101225,dev_101622
user_101226,dev_101623
user_101227,dev_101624
user_101228,dev_101625
user_101229,dev_101626
user_101230,dev_101627
user_101231,dev_101628
user_101231,dev_101629
user_101232,dev_101630
user_101233,dev_101631
user_101233,dev_101632
user_101233,dev_101633
user_101233,dev_101634
user_101233,dev_101635
user_101233,dev_101636
user_101233,dev_101637
user_101233,dev_101638
user_101233,dev_101639
user_101233,dev_101640
user_101233,dev_101641
user_101233,dev_101642
user_101233,dev_101643
user_101233,dev_100339
user_101233,dev_101644
user_101234,dev_101645
user_101235,dev_101646
user_101236,dev_101647
user_101237,dev_101648
user_101238,dev_101649
user_101239,dev_101650
user_101240,dev_101651
user_101241,dev_101652
user_101242,dev_101653
user_101243,dev_101654
user_101244,dev_101655
user_101245,dev_101656
user_101246,dev_100348
user_101247,dev_101657
user_101248,dev_101658
user_101249,dev_101659
user_101250,dev_101660
user_101250,dev_101661
user_101251,dev_101662
user_101252,dev_101663
user_101253,dev_101664
user_101254,dev_101665
user_101255,dev_101666
user_101256,dev_101667
user_101257,dev_101668
user_101258,dev_101669
user_101259,dev_101670
user_101260,dev_101671
user_101261,dev_101672
user_101262,dev_101673
user_101263,dev_101674
user_101263,dev_101675
user_101263,dev_101676
user_101263,dev_101677
user_101263,dev_101678
user_101263,dev_101679
user_101263,dev_101680
user_101264,dev_101681
user_101264,dev_101682
user_101265,dev_101683
user_101266,dev_101684
user_101267,dev_101685
user_101268,dev_101686
user_101269,dev_101537
user_101270,dev_101687
user_101271,dev_101688
user_101272,dev_101689
user_101273,dev_101690
user_101274,dev_101691
user_101275,dev_101692
user_101276,dev_101693
user_101277,dev_101694
user_101278,dev_101695
user_101278,dev_101696
user_101278,dev_101697
user_101278,dev_101698
user_101278,dev_101699
user_101279,dev_101700
user_101280,dev_101701
user_101280,dev_101702
user_101281,dev_101703
user_101282,dev_101704
user_101283,dev_101705
user_101284,dev_101706
user_101285,dev_101707
user_101286,dev_101708
user_101286,dev_101709
user_101287,dev_101710
user_101288,dev_101172
user_101289,dev_101711
user_101290,dev_101712
user_101291,dev_101713
user_101292,dev_101714
user_101293,dev_101715
user_101294,dev_101716
user_101295,dev_101717
user_101296,dev_101718
user_101297,dev_101719
user_101298,dev_101720
user_101299,dev_101721
user_101300,dev_101722
user_101301,dev_101723
user_101302,dev_101724
user_101303,dev_101725
user_101304,dev_101726
user_101305,dev_101727
user_101306,dev_101728
user_101307,dev_101729
user_101308,dev_101730
user_101309,dev_101731
user_101310,dev_101732
user_101311,dev_101733
user_101312,dev_101734
user_101313,dev_101735
user_101314,dev_101736
user_101315,dev_101737
user_101316,dev_101738
user_101317,dev_101739
user_101318,dev_101740
user_101319,dev_100348
user_101320,dev_101741
user_101321,dev_100224
user_101322,dev_101742
user_101323,dev_101743
user_101324,dev_101744
user_101325,dev_101745
user_101326,dev_101746
user_101327,dev_101747
user_101328,dev_101748
user_101329,dev_101749
user_101330,dev_101750
user_101330,dev_101751
user_101330,dev_101752
user_101331,dev_101753
user_101332,dev_101754
user_101333,dev_101755
user_101334,dev_101756
user_101335,dev_101757
user_101336,dev_101758
user_101337,dev_101759
user_101338,dev_101760
user_101339,dev_101761
user_101340,dev_101762
user_101341,dev_101763
user_101342,dev_100529
user_101343,dev_101764
user_101344,dev_101765
user_101345,dev_101766
user_101346,dev_101767
user_101347,dev_101768
user_101348,dev_101769
user_101349,dev_101770
user_101350,dev_101771
user_101350,dev_101772
user_101350,dev_101773
user_101350,dev_101774
user_101350,dev_101775
user_101350,dev_101776
user_101350,dev_101526
user_101350,dev_101777
user_101350,dev_101778
user_101350,dev_101779
user_101351,dev_101780
user_101351,dev_101781
user_101351,dev_101782
user_101351,dev_101783
user_101352,dev_101784
user_101353,dev_101785
user_101354,dev_101786
user_101354,dev_101787
user_101354,dev_101788
user_101355,dev_101789
user_101356,dev_101790
user_101356,dev_101791
user_101357,dev_101792
user_101358,dev_101793
user_101359,dev_101794
user_101360,dev_101795
user_101361,dev_101796
user_101362,dev_101797
user_101363,dev_101798
user_101364,dev_101799
user_101365,dev_101800
user_101366,dev_101801
user_101367,dev_101802
user_101368,dev_101803
user_101369,dev_101804
user_101370,dev_101805
user_101371,dev_101806
user_101372,dev_101807
user_101373,dev_101496
user_101374,dev_101808
user_101375,dev_101809
user_101376,dev_101810
user_101377,dev_101811
user_101378,dev_101812
user_101379,dev_101813
user_101379,dev_101814
user_101380,dev_101815
user_101381,dev_101816
user_101382,dev_101817
user_101383,dev_101818
user_101383,dev_101819
user_101384,dev_100224
user_101385,dev_101820
user_101385,dev_101821
user_101386,dev_101822
user_101387,dev_101823
user_101388,dev_100592
user_101389,dev_101824
user_101390,dev_101825
user_101391,dev_101826
user_101392,dev_101827
user_101393,dev_101828
user_101394,dev_101829
user_101394,dev_101830
user_101395,dev_101831
user_101396,dev_101832
user_101397,dev_101833
user_101398,dev_101834
user_101399,dev_101835
user_101400,dev_101836
user_101401,dev_101837
user_101402,dev_101134
user_101403,dev_101838
user_101404,dev_101839
user_101405,dev_101840
user_101406,dev_101841
user_101406,dev_101842
user_101406,dev_101843
user_101406,dev_101844
user_101406,dev_101845
user_101406,dev_101846
user_101406,dev_101847
user_101406,dev_101848
user_101406,dev_101849
user_101406,dev_101850
user_101406,dev_101851
user_101406,dev_101852
user_101406,dev_101853
user_101406,dev_101854
user_101406,dev_101855
user_101406,dev_101856
user_101406,dev_101857
user_101407,dev_101858
user_101408,dev_101859
user_101409,dev_101860
user_101410,dev_101861
user_101411,dev_101862
user_101412,dev_101863
user_101413,dev_101864
user_101414,dev_101865
user_101415,dev_101866
user_101415,dev_101867
user_101416,dev_101868
user_101417,dev_101869
user_101418,dev_101870
user_101419,dev_100585
user_101420,dev_101871
user_101421,dev_101872
user_101422,dev_101873
user_101423,dev_101874
user_101424,dev_101875
user_101425,dev_101876
user_101426,dev_101877
user_101427,dev_101878
user_101428,dev_101879
user_101429,dev_101880
user_101430,dev_101881
user_101431,dev_101882
user_101432,dev_101883
user_101432,dev_101884
user_101432,dev_101885
user_101432,dev_101886
user_101432,dev_101887
user_101433,dev_101888
user_101434,dev_101889
user_101435,dev_101890
user_101436,dev_101891
user_101437,dev_101892
user_101438,dev_101893
user_101439,dev_101894
user_101440,dev_101895
user_101441,dev_101896
user_101442,dev_101897
user_101443,dev_101898
user_101444,dev_101899
user_101445,dev_101900
user_101446,dev_101901
user_101447,dev_101902
user_101448,dev_101903
user_101448,dev_101904
user_101449,dev_101905
user_101450,dev_101906
user_101451,dev_101907
user_101451,dev_101908
user_101451,dev_101909
user_101452,dev_101910
user_101453,dev_101911
user_101454,dev_101912
user_101454,dev_101913
user_101455,dev_101914
user_101455,dev_101915
user_101455,dev_101916
user_101456,dev_101917
user_101457,dev_100276
user_101458,dev_101918
user_101459,dev_101919
user_101460,dev_101920
user_101461,dev_101921
user_101461,dev_101922
user_101461,dev_101923
user_101462,dev_101924
user_101463,dev_101925
user_101464,dev_101926
user_101465,dev_101927
user_101466,dev_101928
user_101467,dev_101929
user_101468,dev_100221
user_101469,dev_101930
user_101470,dev_101931
user_101471,dev_101932
user_101472,dev_101933
user_101473,dev_101934
user_101474,dev_101935
user_101475,dev_101936
user_101476,dev_101937
user_101476,dev_101938
user_101477,dev_101939
user_101478,dev_101940
user_101479,dev_101941
user_101480,dev_101942
user_101481,dev_101943
user_101481,dev_101944
user_101482,dev_101222
user_101483,dev_101945
user_101484,dev_101946
user_101485,dev_101947
user_101486,dev_101948
user_101487,dev_101949
user_101488,dev_101950
user_101489,dev_101951
user_101490,dev_101952
user_101491,dev_101953
user_101492,dev_101954
user_101493,dev_101955
user_101494,dev_101956
user_101495,dev_101957
user_101495,dev_101958
user_101495,dev_101959
user_101495,dev_101960
user_101496,dev_101961
user_101497,dev_101962
user_101498,dev_101963
user_101499,dev_101964
user_101500,dev_100507
user_101501,dev_101965
user_101502,dev_101966
user_101503,dev_101967
user_101504,dev_101968
user_101505,dev_101969
user_101506,dev_101970
user_101507,dev_101971
user_101507,dev_101972
user_101508,dev_101973
user_101509,dev_101974
user_101510,dev_101975
user_101511,dev_101976
user_101512,dev_101977
user_101513,dev_101913
user_101514,dev_101978
user_101515,dev_101979
user_101516,dev_101980
user_101517,dev_101981
user_101518,dev_101982
user_101519,dev_101983
user_101520,dev_101984
user_101521,dev_101985
user_101522,dev_101986
user_101523,dev_101987
user_101524,dev_100425
user_101525,dev_101988
user_101525,dev_101989
user_101526,dev_101990
user_101527,dev_101991
user_101528,dev_101992
user_101529,dev_101993
user_101530,dev_101994
user_101531,dev_101995
user_101532,dev_101996
user_101533,dev_101997
user_101534,dev_101998
user_101535,dev_101999
user_101536,dev_102000
user_101537,dev_102001
user_101538,dev_102002
user_101539,dev_102003
user_101540,dev_102004
user_101541,dev_102005
user_101542,dev_102006
user_101543,dev_102007
user_101544,dev_102008
user_101545,dev_102009
user_101546,dev_102010
user_101547,dev_102011
user_101548,dev_102012
user_101549,dev_102013
user_101550,dev_102014
user_101551,dev_102015
user_101552,dev_102016
user_101553,dev_102017
user_101554,dev_102018
user_101555,dev_102019
user_101556,dev_102020
user_101557,dev_102021
user_101558,dev_102022
user_101559,dev_102023
user_101560,dev_102003
user_101561,dev_102024
user_101562,dev_102025
user_101563,dev_102026
user_101564,dev_100224
user_101565,dev_102027
user_101565,dev_102028
user_101565,dev_102029
user_101565,dev_102030
user_101565,dev_102031
user_101565,dev_102032
user_101565,dev_102033
user_101565,dev_102034
user_101565,dev_102035
user_101565,dev_102036
user_101565,dev_102037
user_101565,dev_102038
user_101565,dev_102039
user_101565,dev_102040
user_101565,dev_102041
user_101565,dev_102042
user_101566,dev_102043
user_101567,dev_102044
user_101568,dev_102045
user_101569,dev_102046
user_101569,dev_102047
user_101570,dev_102048
user_101571,dev_102049
user_101572,dev_102050
user_101572,dev_102051
user_101572,dev_102052
user_101572,dev_102053
user_101573,dev_102054
user_101574,dev_102055
user_101575,dev_102056
user_101575,dev_102057
user_101576,dev_102058
user_101577,dev_102059
user_101578,dev_102060
user_101579,dev_102061
user_101580,dev_102062
user_101581,dev_102063
user_101582,dev_102064
user_101583,dev_102065
user_101584,dev_102066
user_101585,dev_102067
user_101586,dev_102068
user_101586,dev_102069
user_101587,dev_102070
user_101588,dev_102071
user_101589,dev_102072
user_101590,dev_101059
user_101591,dev_102073
user_101592,dev_102074
user_101593,dev_102075
user_101594,dev_102076
user_101595,dev_102077
user_101596,dev_102078
user_101597,dev_102079
user_101598,dev_102080
user_101598,dev_102081
user_101598,dev_102082
user_101598,dev_102083
user_101598,dev_102084
user_101598,dev_102085
user_101598,dev_102086
user_101598,dev_102087
user_101598,dev_102088
user_101598,dev_102089
user_101598,dev_102090
user_101598,dev_102091
user_101598,dev_102092
user_101598,dev_102093
user_101598,dev_102094
user_101598,dev_102095
user_101598,dev_102096
user_101598,dev_102097
user_101598,dev_102098
user_101598,dev_102099
user_101598,dev_102100
user_101598,dev_102101
user_101598,dev_102102
user_101599,dev_102103
user_101599,dev_102104
user_101600,dev_102105
user_101601,dev_102106
user_101602,dev_102107
user_101603,dev_102108
user_101603,dev_102109
user_101604,dev_102110
user_101605,dev_102111
user_101605,dev_102112
user_101605,dev_102113
user_101605,dev_102114
user_101605,dev_102115
user_101606,dev_102116
user_101607,dev_102117
user_101608,dev_102118
user_101609,dev_102119
user_101610,dev_102120
user_101611,dev_102121
user_101611,dev_102122
user_101611,dev_102123
user_101611,dev_102124
user_101611,dev_102125
user_101612,dev_102126
user_101613,dev_102127
user_101614,dev_102128
user_101615,dev_102129
user_101616,dev_102130
user_101616,dev_102131
user_101617,dev_102132
user_101618,dev_102133
user_101619,dev_102134
user_101619,dev_102135
user_101620,dev_102136
user_101621,dev_102137
user_101622,dev_102138
user_101622,dev_102139
user_101622,dev_102140
user_101622,dev_102141
user_101622,dev_102142
user_101622,dev_102143
user_101622,dev_102144
user_101622,dev_102145
user_101622,dev_102146
user_101622,dev_102147
user_101622,dev_102148
user_101622,dev_102149
user_101623,dev_102150
user_101624,dev_102151
user_101625,dev_102152
user_101626,dev_102153
user_101627,dev_102154
user_101628,dev_102155
user_101629,dev_102156
user_101630,dev_102157
user_101631,dev_100224
user_101632,dev_102158
user_101633,dev_100067
user_101634,dev_102159
user_101635,dev_102160
user_101636,dev_102161
user_101637,dev_102162
user_101638,dev_102163
user_101639,dev_102164
user_101640,dev_102165
user_101640,dev_102166
user_101641,dev_102167
user_101642,dev_102168
user_101643,dev_102169
user_101644,dev_102170
user_101645,dev_102171
user_101646,dev_102172
user_101647,dev_102173
user_101648,dev_102174
user_101649,dev_102175
user_101650,dev_102176
user_101651,dev_102177
user_101652,dev_102178
user_101653,dev_102179
user_101653,dev_102180
user_101653,dev_102181
user_101653,dev_102182
user_101654,dev_102183
user_101655,dev_102184
user_101656,dev_102185
user_101657,dev_102186
user_101658,dev_102187
user_101659,dev_102188
user_101660,dev_102189
user_101661,dev_102190
user_101662,dev_102191
user_101663,dev_102192
user_101663,dev_102193
user_101664,dev_102194
user_101665,dev_102195
user_101666,dev_102196
user_101667,dev_102197
user_101668,dev_102198
user_101669,dev_102199
user_101670,dev_102200
user_101671,dev_100455
user_101672,dev_102201
user_101673,dev_102202
user_101674,dev_102203
user_101675,dev_102204
user_101676,dev_102205
user_101677,dev_102206
user_101678,dev_102207
user_101679,dev_102208
user_101680,dev_102209
user_101681,dev_102210
user_101682,dev_102211
user_101683,dev_102212
user_101684,dev_102213
user_101685,dev_102214
user_101686,dev_102215
user_101687,dev_102216
user_101688,dev_102217
user_101689,dev_102218
user_101689,dev_102219
user_101690,dev_102220
user_101691,dev_102221
user_101692,dev_102222
user_101693,dev_102223
user_101694,dev_102224
user_101695,dev_102225
user_101696,dev_102226
user_101697,dev_102227
user_101698,dev_102228
user_101699,dev_102229
user_101700,dev_102230
user_101701,dev_102231
user_101702,dev_101499
user_101703,dev_102232
user_101704,dev_102233
user_101705,dev_102234
user_101706,dev_102235
user_101706,dev_102236
user_101707,dev_102237
user_101708,dev_102238
user_101709,dev_102239
user_101710,dev_102240
user_101711,dev_102241
user_101711,dev_102242
user_101711,dev_102243
user_101711,dev_102244
user_101712,dev_102245
user_101713,dev_102246
user_101714,dev_100529
user_101715,dev_102247
user_101716,dev_102248
user_101717,dev_102249
user_101718,dev_102250
user_101719,dev_102251
user_101720,dev_102252
user_101721,dev_102253
user_101722,dev_101672
user_101723,dev_102254
user_101724,dev_102255
user_101725,dev_102256
user_101726,dev_102257
user_101727,dev_102258
user_101728,dev_102259
user_101729,dev_102260
user_101730,dev_102261
user_101731,dev_102262
user_101732,dev_102263
user_101733,dev_102264
user_101734,dev_102265
user_101735,dev_102266
user_101736,dev_102267
user_101737,dev_102268
user_101737,dev_102269
user_101738,dev_102270
user_101738,dev_102271
user_101738,dev_102272
user_101738,dev_102273
user_101738,dev_102274
user_101738,dev_102275
user_101738,dev_102276
user_101738,dev_102277
user_101738,dev_102278
user_101738,dev_102279
user_101738,dev_102280
user_101738,dev_102281
user_101738,dev_102282
user_101738,dev_102283
user_101738,dev_102284
user_101738,dev_102285
user_101738,dev_102286
user_101738,dev_102287
user_101739,dev_102288
user_101740,dev_100592
user_101741,dev_102289
user_101742,dev_102290
user_101743,dev_102291
user_101744,dev_102292
user_101745,dev_102293
user_101746,dev_102294
user_101747,dev_102295
user_101748,dev_102296
user_101748,dev_102297
user_101748,dev_102298
user_101748,dev_102299
user_101748,dev_102300
user_101748,dev_102301
user_101748,dev_102302
user_101748,dev_102303
user_101748,dev_102304
user_101749,dev_102305
user_101750,dev_102306
user_101751,dev_102307
user_101752,dev_102308
user_101753,dev_102309
user_101753,dev_102310
user_101753,dev_102311
user_101753,dev_102312
user_101753,dev_102313
user_101753,dev_102314
user_101753,dev_102315
user_101753,dev_102316
user_101753,dev_102317
user_101754,dev_102318
user_101755,dev_102319
user_101756,dev_101545
user_101757,dev_102320
user_101758,dev_102321
user_101759,dev_102322
user_101760,dev_102323
user_101761,dev_102324
user_101762,dev_102325
user_101763,dev_102326
user_101764,dev_102327
user_101765,dev_102328
user_101766,dev_102329
user_101767,dev_102330
user_101768,dev_102331
user_101769,dev_102332
user_101770,dev_102333
user_101771,dev_102334
user_101772,dev_102335
user_101773,dev_102336
user_101774,dev_102337
user_101775,dev_102338
user_101776,dev_102339
user_101777,dev_102340
user_101778,dev_102341
user_101779,dev_102342
user_101780,dev_102343
user_101781,dev_102344
user_101782,dev_100064
user_101783,dev_102345
user_101784,dev_102346
user_101785,dev_102347
user_101786,dev_102348
user_101787,dev_102349
user_101788,dev_102350
user_101789,dev_100137
user_101790,dev_102351
user_101791,dev_102352
user_101792,dev_102353
user_101792,dev_102354
user_101793,dev_102355
user_101794,dev_102356
user_101795,dev_100240
user_101796,dev_100592
user_101797,dev_102357
user_101798,dev_102358
user_101799,dev_102359
user_101799,dev_102360
user_101800,dev_102361
user_101800,dev_102362
user_101800,dev_102363
user_101801,dev_102364
user_101802,dev_102365
user_101803,dev_102366
user_101804,dev_102367
user_101805,dev_102368
user_101806,dev_102369
user_101807,dev_102370
user_101808,dev_102371
user_101809,dev_102372
user_101810,dev_102373
user_101811,dev_102374
user_101812,dev_102375
user_101813,dev_102376
user_101814,dev_102377
user_101815,dev_101770
user_101816,dev_102378
user_101817,dev_102379
user_101818,dev_102380
user_101818,dev_102381
user_101819,dev_102382
user_101820,dev_102383
user_101821,dev_102384
user_101822,dev_102385
user_101823,dev_102386
user_101824,dev_102387
user_101824,dev_102388
user_101824,dev_102389
user_101824,dev_102390
user_101825,dev_102391
user_101826,dev_102392
user_101827,dev_102393
user_101828,dev_102394
user_101829,dev_102395
user_101830,dev_102396
user_101831,dev_102397
user_101832,dev_102398
user_101833,dev_102399
user_101834,dev_102400
user_101835,dev_102401
user_101836,dev_102402
user_101837,dev_102403
user_101838,dev_102404
user_101839,dev_102405
user_101840,dev_102406
user_101841,dev_102407
user_101842,dev_102408
user_101843,dev_101094
user_101844,dev_102409
user_101845,dev_101274
user_101846,dev_102410
user_101847,dev_102411
user_101848,dev_102412
user_101849,dev_102413
user_101849,dev_102414
user_101850,dev_101257
user_101851,dev_102415
user_101852,dev_102416
user_101853,dev_102417
user_101854,dev_102418
user_101855,dev_102419
user_101855,dev_102420
user_101856,dev_102421
user_101857,dev_102422
user_101858,dev_102423
user_101859,dev_102424
user_101859,dev_102425
user_101860,dev_102426
user_101861,dev_102427
user_101862,dev_102428
user_101863,dev_102429
user_101864,dev_102430
user_101865,dev_102431
user_101866,dev_102432
user_101867,dev_102433
user_101868,dev_102434
user_101868,dev_102435
user_101869,dev_102436
user_101870,dev_102437
user_101871,dev_102438
user_101872,dev_102439
user_101873,dev_102440
user_101874,dev_102219
user_101875,dev_102441
user_101875,dev_102442
user_101875,dev_102443
user_101876,dev_102444
user_101877,dev_102445
user_101878,dev_102446
user_101879,dev_102447
user_101880,dev_102448
user_101880,dev_102449
user_101881,dev_102450
user_101882,dev_102451
user_101883,dev_102452
user_101884,dev_102453
user_101885,dev_102454
user_101886,dev_102455
user_101887,dev_102456
user_101888,dev_102457
user_101889,dev_102458
user_101890,dev_102459
user_101891,dev_102460
user_101892,dev_102461
user_101893,dev_102462
user_101894,dev_102463
user_101895,dev_102464
user_101896,dev_102465
user_101897,dev_102466
user_101898,dev_102467
user_101899,dev_102468
user_101900,dev_102469
user_101901,dev_102470
user_101902,dev_102471
user_101902,dev_102472
user_101902,dev_102473
user_101903,dev_102474
user_101904,dev_102475
user_101904,dev_102476
user_101905,dev_102477
user_101906,dev_102478
user_101907,dev_102479
user_101908,dev_102480
user_101909,dev_102481
user_101910,dev_102482
user_101911,dev_102483
user_101912,dev_102484
user_101913,dev_102485
user_101913,dev_102486
user_101913,dev_102487
user_101914,dev_102488
user_101915,dev_102489
user_101916,dev_102490
user_101917,dev_102491
user_101918,dev_102492
user_101919,dev_102493
user_101920,dev_102494
user_101921,dev_102495
user_101922,dev_102496
user_101923,dev_102497
user_101924,dev_102498
user_101924,dev_102499
user_101924,dev_102500
user_101924,dev_102501
user_101925,dev_102502
user_101926,dev_102503
user_101927,dev_102504
user_101928,dev_102505
user_101929,dev_102506
user_101930,dev_102507
user_101931,dev_100110
user_101932,dev_102508
user_101933,dev_102509
user_101934,dev_102510
user_101935,dev_102511
user_101936,dev_102512
user_101937,dev_102513
user_101938,dev_102514
user_101939,dev_102515
user_101939,dev_102516
user_101940,dev_102517
user_101941,dev_100996
user_101942,dev_102518
user_101943,dev_102519
user_101944,dev_102520
user_101945,dev_102521
user_101945,dev_102522
user_101946,dev_102523
user_101947,dev_102524
user_101948,dev_102525
user_101949,dev_102526
user_101949,dev_102527
user_101949,dev_102528
user_101950,dev_102529
user_101951,dev_102530
user_101952,dev_102531
user_101953,dev_102532
user_101954,dev_102533
user_101955,dev_102534
user_101956,dev_102535
user_101957,dev_102536
user_101958,dev_102537
user_101959,dev_102538
user_101960,dev_102539
user_101961,dev_102540
user_101962,dev_102541
user_101963,dev_102542
user_101964,dev_102543
user_101965,dev_102544
user_101965,dev_102545
user_101966,dev_102546
user_101967,dev_102547
user_101968,dev_102548
user_101969,dev_102549
user_101970,dev_102550
user_101970,dev_102551
user_101971,dev_102552
user_101972,dev_102553
user_101973,dev_102554
user_101974,dev_102555
user_101974,dev_102556
user_101975,dev_102557
user_101975,dev_102558
user_101976,dev_102559
user_101977,dev_102560
user_101978,dev_102561
user_101979,dev_102562
user_101980,dev_102563
user_101981,dev_102564
user_101982,dev_102565
user_101983,dev_102566
user_101984,dev_102567
user_101985,dev_102568
user_101986,dev_102569
user_101987,dev_102570
user_101987,dev_102571
user_101988,dev_102572
user_101989,dev_102573
user_101990,dev_102574
user_101991,dev_100546
user_101992,dev_100102
user_101993,dev_102575
user_101994,dev_102576
user_101995,dev_102577
user_101996,dev_102578
user_101997,dev_102579
user_101998,dev_102580
user_101999,dev_102581
user_102000,dev_102582
user_102001,dev_102583
user_102002,dev_102584
user_102003,dev_102585
user_102004,dev_102586
user_102005,dev_102587
user_102006,dev_102588
user_102007,dev_102589
user_102008,dev_102590
user_102009,dev_102591
user_102010,dev_102592
user_102011,dev_102593
user_102012,dev_102594
user_102013,dev_102595
user_102014,dev_102596
user_102015,dev_102597
user_102016,dev_102598
user_102017,dev_102599
user_102018,dev_102600
user_102019,dev_102601
user_102020,dev_102602
user_102021,dev_102603
user_102022,dev_102604
user_102023,dev_102605
user_102024,dev_102606
user_102025,dev_102607
user_102026,dev_102608
user_102027,dev_102609
user_102028,dev_100870
user_102028,dev_100873
user_102029,dev_102610
user_102030,dev_100115
user_102031,dev_102611
user_102032,dev_102612
user_102033,dev_102613
user_102034,dev_102614
user_102035,dev_102615
user_102036,dev_102616
user_102037,dev_100698
user_102038,dev_102617
user_102039,dev_102618
user_102040,dev_102619
user_102041,dev_102620
user_102042,dev_102621
user_102042,dev_102622
user_102043,dev_101517
user_102044,dev_102623
user_102044,dev_102624
user_102045,dev_102625
user_102046,dev_102626
user_102047,dev_102627
user_102048,dev_102628
user_102049,dev_102629
user_102050,dev_102630
user_102051,dev_102631
user_102052,dev_100224
user_102053,dev_102632
user_102054,dev_102633
user_102055,dev_102634
user_102056,dev_102635
user_102057,dev_102636
user_102058,dev_102637
user_102059,dev_102638
user_102060,dev_102639
user_102061,dev_102640
user_102061,dev_102641
user_102062,dev_102642
user_102063,dev_102643
user_102064,dev_102644
user_102064,dev_102645
user_102065,dev_102646
user_102066,dev_102647
user_102067,dev_102648
user_102068,dev_102649
user_102069,dev_102650
user_102070,dev_102651
user_102070,dev_102652
user_102070,dev_102653
user_102071,dev_102654
user_102072,dev_102655
user_102073,dev_102656
user_102074,dev_102657
user_102075,dev_102658
user_102076,dev_102659
user_102077,dev_102660
user_102078,dev_102661
user_102079,dev_102662
user_102080,dev_102663
user_102081,dev_102664
user_102082,dev_102665
user_102083,dev_101441
user_102084,dev_102666
user_102084,dev_102667
user_102085,dev_102668
user_102086,dev_102669
user_102087,dev_102670
user_102088,dev_102671
user_102089,dev_102672
user_102090,dev_102673
user_102091,dev_102674
user_102092,dev_100740
user_102092,dev_102675
user_102093,dev_102676
user_102094,dev_102677
user_102095,dev_102678
user_102096,dev_102679
user_102097,dev_101873
user_102098,dev_102680
user_102098,dev_102681
user_102098,dev_102682
user_102098,dev_102683
user_102098,dev_102684
user_102098,dev_102685
user_102098,dev_102686
user_102098,dev_102687
user_102098,dev_102688
user_102098,dev_102689
user_102098,dev_102690
user_102098,dev_102691
user_102098,dev_102692
user_102098,dev_102693
user_102098,dev_102694
user_102098,dev_102695
user_102098,dev_102696
user_102098,dev_102697
user_102098,dev_102698
user_102098,dev_102699
user_102098,dev_102700
user_102098,dev_102701
user_102098,dev_102702
user_102098,dev_102703
user_102098,dev_102704
user_102098,dev_102705
user_102098,dev_102706
user_102098,dev_102707
user_102098,dev_102708
user_102098,dev_102709
user_102098,dev_102710
user_102098,dev_102711
user_102098,dev_102712
user_102098,dev_102713
user_102098,dev_102714
user_102098,dev_102715
user_102098,dev_102716
user_102098,dev_102717
user_102098,dev_102718
user_102098,dev_102719
user_102098,dev_102720
user_102098,dev_102721
user_102098,dev_102722
user_102098,dev_102723
user_102098,dev_102724
user_102098,dev_102725
user_102098,dev_102726
user_102098,dev_102727
user_102098,dev_102728
user_102098,dev_102729
user_102098,dev_102730
user_102098,dev_102731
user_102098,dev_102732
user_102098,dev_102733
user_102098,dev_102734
user_102098,dev_102735
user_102098,dev_102736
user_102098,dev_102737
user_102099,dev_102738
user_102100,dev_102739
user_102101,dev_102740
user_102102,dev_101539
user_102103,dev_102741
user_102103,dev_102742
user_102104,dev_102743
user_102105,dev_102744
user_102106,dev_102745
user_102107,dev_102746
user_102108,dev_102747
user_102109,dev_102748
user_102110,dev_102749
user_102111,dev_102750
user_102112,dev_102751
user_102113,dev_102752
user_102114,dev_102753
user_102115,dev_102754
user_102116,dev_102755
user_102117,dev_102756
user_102118,dev_102757
user_102119,dev_102758
user_102120,dev_102759
user_102120,dev_102760
user_102121,dev_102761
user_102122,dev_102762
user_102123,dev_102763
user_102123,dev_102764
user_102124,dev_102765
user_102125,dev_102766
user_102126,dev_102767
user_102127,dev_102768
user_102128,dev_102769
user_102129,dev_102770
user_102130,dev_102771
user_102131,dev_102772
user_102132,dev_102773
user_102133,dev_102774
user_102134,dev_102775
user_102134,dev_102776
user_102134,dev_102777
user_102135,dev_102778
user_102135,dev_102779
user_102136,dev_102780
user_102137,dev_102781
user_102138,dev_102782
user_102139,dev_102783
user_102140,dev_102784
user_102141,dev_102785
user_102142,dev_102786
user_102143,dev_102787
user_102144,dev_102788
user_102145,dev_102789
user_102146,dev_102790
user_102147,dev_102791
user_102148,dev_102792
user_102149,dev_100719
user_102150,dev_102793
user_102151,dev_102794
user_102152,dev_102795
user_102153,dev_102796
user_102154,dev_102797
user_102155,dev_102798
user_102156,dev_102799
user_102157,dev_102800
user_102158,dev_102801
user_102159,dev_102802
user_102160,dev_102803
user_102161,dev_102804
user_102162,dev_102805
user_102163,dev_102806
user_102164,dev_102807
user_102164,dev_102808
user_102165,dev_101913
user_102166,dev_102809
user_102167,dev_102810
user_102167,dev_102811
user_102167,dev_102812
user_102167,dev_102813
user_102168,dev_102814
user_102169,dev_102815
user_102170,dev_102816
user_102171,dev_102817
user_102172,dev_102818
user_102173,dev_102819
user_102173,dev_102820
user_102173,dev_102821
user_102174,dev_102822
user_102175,dev_102823
user_102176,dev_101772
user_102177,dev_100592
user_102178,dev_102824
user_102178,dev_102825
user_102178,dev_102826
user_102178,dev_102827
user_102178,dev_102828
user_102178,dev_102247
user_102178,dev_102829
user_102179,dev_102830
user_102180,dev_102831
user_102181,dev_102832
user_102182,dev_102833
user_102182,dev_102834
user_102182,dev_102835
user_102182,dev_102836
user_102182,dev_102837
user_102182,dev_102838
user_102182,dev_102839
user_102182,dev_102840
user_102182,dev_102841
user_102182,dev_102842
user_102182,dev_102843
user_102182,dev_102844
user_102182,dev_102845
user_102182,dev_102846
user_102182,dev_102847
user_102182,dev_102848
user_102183,dev_102849
user_102183,dev_102850
user_102183,dev_102851
user_102184,dev_102852
user_102185,dev_102853
user_102186,dev_102854
user_102187,dev_102855
user_102187,dev_102856
user_102188,dev_102857
user_102189,dev_102858
user_102190,dev_102859
user_102191,dev_102860
user_102192,dev_102861
user_102193,dev_102862
user_102194,dev_102863
user_102195,dev_102864
user_102196,dev_102865
user_102197,dev_102866
user_102198,dev_102867
user_102199,dev_102868
user_102200,dev_100653
user_102201,dev_102048
user_102202,dev_102869
user_102203,dev_102870
user_102203,dev_102871
user_102204,dev_102872
user_102205,dev_102873
user_102206,dev_102874
user_102207,dev_102875
user_102208,dev_102876
user_102209,dev_102651
user_102210,dev_102877
user_102211,dev_102878
user_102212,dev_102879
user_102213,dev_102880
user_102214,dev_102881
user_102215,dev_102882
user_102216,dev_102883
user_102217,dev_102884
user_102218,dev_102885
user_102219,dev_102886
user_102220,dev_102887
user_102221,dev_102888
user_102222,dev_102889
user_102223,dev_102890
user_102223,dev_102891
user_102224,dev_100224
user_102225,dev_102892
user_102226,dev_102893
user_102227,dev_102894
user_102228,dev_101324
user_102229,dev_102895
user_102230,dev_102896
user_102231,dev_102897
user_102232,dev_102898
user_102233,dev_102899
user_102234,dev_102900
user_102235,dev_102901
user_102236,dev_100564
user_102237,dev_102902
user_102238,dev_100757
user_102239,dev_102903
user_102240,dev_100213
user_102241,dev_102904
user_102242,dev_102905
user_102243,dev_102906
user_102244,dev_102907
user_102245,dev_102908
user_102246,dev_102909
user_102247,dev_100362
user_102248,dev_102910
user_102249,dev_102911
user_102250,dev_102912
user_102251,dev_102913
user_102252,dev_102914
user_102253,dev_102915
user_102254,dev_102916
user_102255,dev_102917
user_102255,dev_102918
user_102256,dev_102919
user_102257,dev_102920
user_102258,dev_102921
user_102259,dev_102922
user_102260,dev_102923
user_102261,dev_102924
user_102262,dev_102925
user_102263,dev_102926
user_102264,dev_102927
user_102265,dev_102928
user_102266,dev_102929
user_102267,dev_102930
user_102268,dev_102931
user_102269,dev_102932
user_102270,dev_102933
user_102271,dev_102934
user_102272,dev_102935
user_102273,dev_102936
user_102274,dev_102937
user_102275,dev_102938
user_102276,dev_102939
user_102276,dev_102940
user_102276,dev_102941
user_102277,dev_102942
user_102278,dev_102943
user_102278,dev_102944
user_102278,dev_102945
user_102279,dev_102946
user_102280,dev_102947
user_102281,dev_102948
user_102282,dev_102949
user_102283,dev_102950
user_102284,dev_102951
user_102284,dev_102952
user_102285,dev_102953
user_102285,dev_102954
user_102286,dev_102955
user_102287,dev_102956
user_102288,dev_102957
user_102288,dev_102958
user_102288,dev_102959
user_102289,dev_101765
user_102290,dev_102960
user_102291,dev_102961
user_102292,dev_102962
user_102293,dev_102963
user_102294,dev_102964
user_102295,dev_102965
user_102296,dev_102966
user_102297,dev_102967
user_102298,dev_102968
user_102299,dev_102969
user_102300,dev_102970
user_102301,dev_102971
user_102302,dev_100072
user_102303,dev_102972
user_102304,dev_102973
user_102305,dev_102974
user_102306,dev_102975
user_102307,dev_102976
user_102308,dev_102977
user_102309,dev_102978
user_102310,dev_102979
user_102311,dev_102980
user_102312,dev_102981
user_102313,dev_102982
user_102314,dev_102983
user_102315,dev_100670
user_102316,dev_102984
user_102317,dev_102985
user_102318,dev_102986
user_102319,dev_102987
user_102320,dev_102988
user_102321,dev_102989
user_102321,dev_102990
user_102321,dev_102991
user_102321,dev_102992
user_102321,dev_102993
user_102321,dev_102994
user_102321,dev_102995
user_102322,dev_102996
user_102323,dev_102997
user_102324,dev_102998
user_102325,dev_102999
user_102326,dev_103000
user_102327,dev_103001
user_102328,dev_103002
user_102329,dev_103003
user_102330,dev_100203
user_102331,dev_103004
user_102332,dev_103005
user_102333,dev_103006
user_102334,dev_103007
user_102335,dev_103008
user_102336,dev_103009
user_102337,dev_100072
user_102338,dev_103010
user_102339,dev_103011
user_102339,dev_103012
user_102340,dev_103013
user_102341,dev_100045
user_102342,dev_103014
user_102343,dev_103015
user_102344,dev_103016
user_102345,dev_103017
user_102346,dev_103018
user_102347,dev_103019
user_102348,dev_103020
user_102349,dev_100902
user_102350,dev_103021
user_102351,dev_103022
user_102351,dev_103023
user_102352,dev_103024
user_102353,dev_103025
user_102354,dev_103026
user_102355,dev_103027
user_102356,dev_103028
user_102357,dev_103029
user_102358,dev_103030
user_102359,dev_103031
user_102360,dev_103032
user_102361,dev_103033
user_102362,dev_103034
user_102363,dev_103035
user_102364,dev_103036
user_102365,dev_101912
user_102365,dev_101913
user_102366,dev_103037
user_102367,dev_103038
user_102368,dev_103039
user_102369,dev_103040
user_102370,dev_103041
user_102371,dev_103042
user_102372,dev_103043
user_102373,dev_100072
user_102374,dev_103044
user_102375,dev_103045
user_102376,dev_103046
user_102377,dev_103047
user_102378,dev_103048
user_102379,dev_103049
user_102380,dev_103050
user_102381,dev_103051
user_102382,dev_103052
user_102382,dev_103053
user_102383,dev_103054
user_102384,dev_103055
user_102385,dev_103056
user_102386,dev_103057
user_102387,dev_103058
user_102388,dev_103059
user_102389,dev_103060
user_102390,dev_103061
user_102391,dev_103062
user_102392,dev_103063
user_102393,dev_103064
user_102394,dev_102824
user_102395,dev_103065
user_102396,dev_103066
user_102397,dev_103067
user_102398,dev_100731
user_102399,dev_103068
user_102400,dev_103069
user_102401,dev_103070
user_102401,dev_103071
user_102401,dev_103072
user_102401,dev_103073
user_102401,dev_103074
user_102401,dev_103075
user_102401,dev_100655
user_102402,dev_103076
user_102403,dev_103077
user_102404,dev_103078
user_102404,dev_101776
user_102405,dev_101260
user_102406,dev_103079
user_102406,dev_103080
user_102407,dev_103081
user_102408,dev_103082
user_102409,dev_103083
user_102410,dev_103084
user_102411,dev_103085
user_102412,dev_101709
user_102413,dev_103086
user_102413,dev_103087
user_102414,dev_103088
user_102415,dev_103089
user_102416,dev_103090
user_102416,dev_103091
user_102416,dev_103092
user_102417,dev_103093
user_102418,dev_103094
user_102419,dev_103095
user_102420,dev_103096
user_102421,dev_103097
user_102421,dev_103098
user_102422,dev_103099
user_102423,dev_103100
user_102423,dev_103101
user_102424,dev_103102
user_102425,dev_103103
user_102426,dev_103104
user_102427,dev_103105
user_102428,dev_103106
user_102429,dev_103107
user_102430,dev_103108
user_102431,dev_103109
user_102432,dev_103110
user_102433,dev_103111
user_102434,dev_103112
user_102435,dev_103113
user_102436,dev_103114
user_102436,dev_103115
user_102437,dev_103116
user_102438,dev_103117
user_102439,dev_103118
user_102440,dev_103119
user_102441,dev_103120
user_102442,dev_103121
user_102443,dev_103122
user_102444,dev_101539
user_102445,dev_103123
user_102445,dev_103124
user_102446,dev_103125
user_102447,dev_103126
user_102448,dev_100224
user_102449,dev_103127
user_102450,dev_103128
user_102451,dev_100623
user_102452,dev_103129
user_102453,dev_103130
user_102453,dev_103131
user_102454,dev_103132
user_102455,dev_103133
user_102456,dev_103134
user_102457,dev_103135
user_102458,dev_103136
user_102459,dev_103137
user_102460,dev_103138
user_102461,dev_103139
user_102462,dev_103140
user_102463,dev_101588
user_102464,dev_103141
user_102465,dev_100224
user_102466,dev_103142
user_102467,dev_103143
user_102468,dev_103144
user_102469,dev_103145
user_102470,dev_103146
user_102471,dev_103147
user_102472,dev_103148
user_102473,dev_103149
user_102474,dev_103150
user_102475,dev_103151
user_102475,dev_103152
user_102475,dev_103153
user_102476,dev_103154
user_102477,dev_103155
user_102478,dev_103156
user_102479,dev_103157
user_102480,dev_103158
user_102481,dev_103159
user_102482,dev_103160
user_102483,dev_103161
user_102483,dev_103162
user_102484,dev_103163
user_102485,dev_103164
user_102486,dev_103165
user_102487,dev_103166
user_102487,dev_103167
user_102488,dev_103168
user_102489,dev_100338
user_102490,dev_103169
user_102491,dev_103170
user_102492,dev_103171
user_102493,dev_103172
user_102494,dev_103173
user_102495,dev_103174
user_102496,dev_103175
user_102496,dev_103176
user_102497,dev_103177
user_102497,dev_103178
user_102498,dev_103179
user_102499,dev_103180
user_102500,dev_102434
user_102500,dev_102435
user_102501,dev_100348
user_102502,dev_103181
user_102503,dev_103182
user_102504,dev_103183
user_102505,dev_103184
user_102506,dev_103185
user_102507,dev_103186
user_102508,dev_103187
user_102509,dev_103188
user_102510,dev_103189
user_102511,dev_103190
user_102512,dev_100824
user_102513,dev_103191
user_102514,dev_103192
user_102515,dev_103193
user_102516,dev_103194
user_102517,dev_103195
user_102517,dev_103196
user_102518,dev_103197
user_102519,dev_103198
user_102520,dev_103199
user_102521,dev_103200
user_102522,dev_103201
user_102523,dev_103202
user_102524,dev_103203
user_102525,dev_101287
user_102526,dev_103204
user_102527,dev_103205
user_102528,dev_103206
user_102528,dev_103207
user_102529,dev_103208
user_102530,dev_103209
user_102531,dev_103210
user_102532,dev_100733
user_102533,dev_103211
user_102534,dev_103212
user_102535,dev_103213
user_102535,dev_103214
user_102536,dev_103215
user_102537,dev_103216
user_102538,dev_103217
user_102539,dev_103218
user_102540,dev_103219
user_102540,dev_103220
user_102541,dev_103221
user_102542,dev_103222
user_102543,dev_103223
user_102544,dev_103224
user_102545,dev_103225
user_102546,dev_103226
user_102546,dev_103227
user_102546,dev_103228
user_102546,dev_103229
user_102546,dev_103230
user_102546,dev_103231
user_102546,dev_103232
user_102546,dev_103233
user_102546,dev_103234
user_102546,dev_103235
user_102547,dev_103236
user_102548,dev_102266
user_102549,dev_103237
user_102550,dev_100279
user_102551,dev_103238
user_102552,dev_103239
user_102553,dev_101075
user_102554,dev_103240
user_102555,dev_103241
user_102556,dev_103242
user_102557,dev_103243
user_102558,dev_103244
user_102559,dev_103245
user_102559,dev_103246
user_102560,dev_103247
user_102561,dev_103248
user_102561,dev_103249
user_102562,dev_103250
user_102563,dev_103251
user_102563,dev_103252
user_102563,dev_103253
user_102563,dev_103254
user_102563,dev_103255
user_102563,dev_103256
user_102563,dev_103257
user_102563,dev_103258
user_102563,dev_103259
user_102563,dev_103260
user_102563,dev_103261
user_102563,dev_103262
user_102563,dev_103263
user_102563,dev_103264
user_102563,dev_103265
user_102563,dev_103266
user_102563,dev_103267
user_102563,dev_103268
user_102563,dev_103269
user_102563,dev_103270
user_102563,dev_103271
user_102563,dev_103272
user_102563,dev_103273
user_102563,dev_103274
user_102563,dev_103275
user_102563,dev_103276
user_102563,dev_103277
user_102563,dev_103278
user_102563,dev_103279
user_102563,dev_103280
user_102563,dev_103281
user_102563,dev_103282
user_102563,dev_103283
user_102564,dev_103284
user_102565,dev_103285
user_102566,dev_103286
user_102567,dev_101086
user_102568,dev_103287
user_102569,dev_103288
user_102569,dev_103289
user_102570,dev_103290
user_102571,dev_103291
user_102572,dev_103292
user_102573,dev_103293
user_102573,dev_103294
user_102574,dev_103295
user_102575,dev_103296
user_102576,dev_103297
user_102577,dev_103298
user_102578,dev_103299
user_102579,dev_103300
user_102580,dev_102139
user_102581,dev_103301
user_102582,dev_103302
user_102583,dev_102999
user_102584,dev_103303
user_102585,dev_102896
user_102586,dev_103304
user_102587,dev_103305
user_102587,dev_103306
user_102587,dev_103307
user_102587,dev_103308
user_102587,dev_103309
user_102588,dev_103310
user_102589,dev_103311
user_102589,dev_103312
user_102589,dev_103305
user_102590,dev_103313
user_102591,dev_103314
user_102592,dev_103315
user_102593,dev_103316
user_102594,dev_103317
user_102595,dev_101487
user_102596,dev_103318
user_102597,dev_103319
user_102598,dev_103320
user_102599,dev_103321
user_102600,dev_103322
user_102601,dev_103323
user_102602,dev_103324
user_102603,dev_101304
user_102604,dev_103325
user_102605,dev_103326
user_102605,dev_103327
user_102606,dev_103328
user_102607,dev_103329
user_102608,dev_103330
user_102609,dev_103331
user_102610,dev_101210
user_102611,dev_101059
user_102612,dev_103332
user_102613,dev_103333
user_102614,dev_103334
user_102615,dev_103335
user_102616,dev_103336
user_102617,dev_103337
user_102618,dev_101528
user_102619,dev_103338
user_102620,dev_103339
user_102621,dev_103340
user_102622,dev_103341
user_102623,dev_103342
user_102624,dev_103343
user_102625,dev_103344
user_102626,dev_103345
user_102627,dev_103346
user_102628,dev_103347
user_102629,dev_103348
user_102629,dev_103349
user_102630,dev_103350
user_102631,dev_103351
user_102631,dev_103352
user_102632,dev_103353
user_102633,dev_103354
user_102634,dev_103355
user_102635,dev_103356
user_102636,dev_103357
user_102637,dev_103358
user_102638,dev_103359
user_102639,dev_103360
user_102639,dev_103361
user_102639,dev_103362
user_102640,dev_101199
user_102641,dev_103363
user_102642,dev_100421
user_102643,dev_103364
user_102644,dev_103365
user_102645,dev_103366
user_102646,dev_103367
user_102647,dev_103368
user_102647,dev_103369
user_102648,dev_103370
user_102649,dev_103371
user_102650,dev_103372
user_102650,dev_103373
user_102651,dev_103374
user_102652,dev_103375
user_102653,dev_103376
user_102654,dev_103377
user_102655,dev_103378
user_102656,dev_103379
user_102657,dev_103380
user_102658,dev_103381
user_102659,dev_103382
user_102660,dev_103383
user_102661,dev_103384
user_102661,dev_103385
user_102661,dev_103386
user_102662,dev_103387
user_102663,dev_103388
user_102664,dev_102640
user_102665,dev_103389
user_102665,dev_103390
user_102665,dev_103391
user_102665,dev_103392
user_102665,dev_103393
user_102665,dev_103394
user_102665,dev_103395
user_102666,dev_103396
user_102666,dev_103397
user_102666,dev_103398
user_102666,dev_103399
user_102666,dev_103400
user_102666,dev_103401
user_102666,dev_102651
user_102666,dev_103402
user_102666,dev_103403
user_102666,dev_103404
user_102666,dev_103405
user_102666,dev_103406
user_102666,dev_103407
user_102666,dev_103408
user_102666,dev_103409
user_102667,dev_103410
user_102668,dev_103411
user_102669,dev_103412
user_102670,dev_103413
user_102671,dev_103414
user_102672,dev_103415
user_102673,dev_103416
user_102674,dev_103417
user_102675,dev_103418
user_102676,dev_103419
user_102677,dev_103420
user_102678,dev_103421
user_102679,dev_103422
user_102680,dev_103423
user_102681,dev_103424
user_102682,dev_103425
user_102683,dev_103426
user_102684,dev_103427
user_102685,dev_103428
user_102685,dev_103429
user_102686,dev_103430
user_102687,dev_100279
user_102688,dev_103431
user_102689,dev_103432
user_102690,dev_103433
user_102691,dev_103434
user_102692,dev_103372
user_102693,dev_103435
user_102694,dev_103436
user_102695,dev_100307
user_102696,dev_103437
user_102697,dev_103438
user_102698,dev_100043
user_102699,dev_103439
user_102700,dev_103440
user_102701,dev_103441
user_102701,dev_103442
user_102701,dev_103443
user_102701,dev_103444
user_102702,dev_103445
user_102702,dev_103446
user_102703,dev_103447
user_102704,dev_103448
user_102705,dev_103449
user_102706,dev_103450
user_102707,dev_103451
user_102708,dev_103452
user_102709,dev_103453
user_102710,dev_103454
user_102711,dev_103455
user_102712,dev_103456
user_102713,dev_103457
user_102714,dev_103458
user_102715,dev_103459
user_102716,dev_103460
user_102717,dev_103461
user_102718,dev_103462
user_102719,dev_103463
user_102720,dev_103464
user_102721,dev_103465
user_102722,dev_103466
user_102722,dev_103467
user_102723,dev_103468
user_102724,dev_103469
user_102725,dev_103470
user_102726,dev_103471
user_102727,dev_103472
user_102728,dev_103473
user_102729,dev_103474
user_102730,dev_103475
user_102731,dev_103476
user_102732,dev_103477
user_102733,dev_103478
user_102734,dev_103479
user_102734,dev_103480
user_102734,dev_103481
user_102735,dev_103482
user_102736,dev_103483
user_102737,dev_103484
user_102738,dev_103485
user_102739,dev_103486
user_102740,dev_103487
user_102741,dev_103488
user_102742,dev_100355
user_102742,dev_100367
user_102743,dev_103489
user_102744,dev_103490
user_102745,dev_103491
user_102746,dev_103492
user_102747,dev_103493
user_102748,dev_103494
user_102749,dev_103495
user_102750,dev_102841
user_102751,dev_103496
user_102752,dev_103497
user_102753,dev_103498
user_102754,dev_103499
user_102755,dev_103500
user_102756,dev_103501
user_102757,dev_103502
user_102758,dev_103503
user_102758,dev_103504
user_102759,dev_103505
user_102760,dev_103506
user_102761,dev_103507
user_102762,dev_103508
user_102763,dev_103509
user_102764,dev_103510
user_102765,dev_103511
user_102766,dev_103512
user_102766,dev_103513
user_102767,dev_103514
user_102768,dev_103515
user_102769,dev_103516
user_102770,dev_103517
user_102771,dev_103518
user_102772,dev_103519
user_102773,dev_103520
user_102774,dev_103521
user_102775,dev_103522
user_102776,dev_103523
user_102776,dev_103524
user_102777,dev_103525
user_102778,dev_103526
user_102778,dev_103527
user_102779,dev_103528
user_102780,dev_103529
user_102780,dev_103530
user_102781,dev_103531
user_102782,dev_103532
user_102783,dev_103533
user_102784,dev_103534
user_102785,dev_103535
user_102785,dev_103536
user_102786,dev_103537
user_102786,dev_103538
user_102787,dev_103539
user_102788,dev_103540
user_102789,dev_103541
user_102790,dev_103542
user_102790,dev_103543
user_102790,dev_103544
user_102790,dev_103545
user_102790,dev_103546
user_102790,dev_103547
user_102790,dev_103548
user_102791,dev_103549
user_102792,dev_103550
user_102793,dev_103551
user_102794,dev_103552
user_102795,dev_103553
user_102795,dev_103554
user_102796,dev_103555
user_102797,dev_103556
user_102798,dev_103557
user_102799,dev_103558
user_102800,dev_103559
user_102801,dev_103560
user_102802,dev_103561
user_102803,dev_103562
user_102804,dev_103563
user_102805,dev_103564
user_102806,dev_103565
user_102807,dev_103566
user_102808,dev_100740
user_102808,dev_101134
user_102809,dev_103567
user_102810,dev_103568
user_102811,dev_103569
user_102812,dev_103570
user_102813,dev_103571
user_102814,dev_103572
user_102815,dev_103573
user_102816,dev_103574
user_102817,dev_103575
user_102818,dev_103576
user_102819,dev_103577
user_102820,dev_103578
user_102820,dev_103579
user_102821,dev_103580
user_102821,dev_103581
user_102821,dev_103582
user_102821,dev_103583
user_102821,dev_103584
user_102821,dev_103585
user_102821,dev_103586
user_102822,dev_103587
user_102823,dev_103588
user_102824,dev_103589
user_102825,dev_103590
user_102826,dev_103591
user_102827,dev_103592
user_102828,dev_103593
user_102829,dev_103594
user_102829,dev_103595
user_102830,dev_103596
user_102831,dev_103597
user_102832,dev_103598
user_102833,dev_103599
user_102834,dev_103600
user_102835,dev_103351
user_102836,dev_103601
user_102837,dev_103602
user_102837,dev_103603
user_102838,dev_103604
user_102839,dev_103605
user_102839,dev_103606
user_102840,dev_101160
user_102841,dev_103607
user_102842,dev_103608
user_102843,dev_103609
user_102844,dev_103610
user_102845,dev_103611
user_102846,dev_103612
user_102847,dev_103613
user_102848,dev_103614
user_102848,dev_103615
user_102849,dev_103616
user_102850,dev_103617
user_102851,dev_103618
user_102852,dev_103384
user_102853,dev_103619
user_102853,dev_103620
user_102853,dev_103621
user_102854,dev_103622
user_102855,dev_103623
user_102856,dev_103624
user_102857,dev_103625
user_102858,dev_101059
user_102859,dev_103626
user_102860,dev_103627
user_102861,dev_103628
user_102862,dev_103629
user_102863,dev_103630
user_102864,dev_103631
user_102865,dev_103632
user_102866,dev_103633
user_102867,dev_103634
user_102868,dev_100507
user_102869,dev_103635
user_102870,dev_103636
user_102871,dev_103637
user_102872,dev_103638
user_102873,dev_103639
user_102874,dev_103640
user_102875,dev_103641
user_102876,dev_103642
user_102877,dev_103643
user_102878,dev_103644
user_102879,dev_100831
user_102880,dev_103645
user_102881,dev_103646
user_102882,dev_103647
user_102883,dev_103648
user_102884,dev_103649
user_102885,dev_103650
user_102885,dev_103651
user_102886,dev_103652
user_102887,dev_103653
user_102888,dev_103654
user_102889,dev_103655
user_102890,dev_103656
user_102891,dev_103657
user_102892,dev_103658
user_102893,dev_103659
user_102894,dev_103660
user_102895,dev_103661
user_102895,dev_103662
user_102895,dev_103663
user_102896,dev_103664
user_102897,dev_103665
user_102898,dev_103666
user_102898,dev_103667
user_102899,dev_103668
user_102900,dev_103669
user_102901,dev_103670
user_102902,dev_103671
user_102903,dev_103672
user_102904,dev_103673
user_102905,dev_103674
user_102906,dev_103675
user_102906,dev_103676
user_102907,dev_103677
user_102907,dev_103678
user_102907,dev_102070
user_102908,dev_103679
user_102909,dev_103680
user_102910,dev_103681
user_102911,dev_103682
user_102912,dev_103683
user_102913,dev_103684
user_102914,dev_103685
user_102915,dev_103686
user_102916,dev_103687
user_102917,dev_103688
user_102918,dev_103689
user_102919,dev_103690
user_102920,dev_103691
user_102921,dev_103692
user_102922,dev_103693
user_102923,dev_103694
user_102924,dev_103695
user_102925,dev_103696
user_102926,dev_102640
user_102927,dev_103697
user_102928,dev_103698
user_102929,dev_103699
user_102930,dev_101632
user_102931,dev_103700
user_102932,dev_103701
user_102933,dev_103702
user_102933,dev_103703
user_102933,dev_103704
user_102933,dev_103705
user_102934,dev_103706
user_102935,dev_103707
user_102936,dev_103708
user_102937,dev_103709
user_102938,dev_103710
user_102939,dev_103711
user_102940,dev_103712
user_102941,dev_103713
user_102942,dev_103714
user_102943,dev_103715
user_102944,dev_103716
user_102945,dev_103417
user_102946,dev_103717
user_102947,dev_103718
user_102948,dev_102828
user_102949,dev_103719
user_102950,dev_103720
user_102951,dev_103721
user_102952,dev_103722
user_102953,dev_103723
user_102954,dev_103724
user_102955,dev_103725
user_102955,dev_103726
user_102956,dev_103727
user_102957,dev_103728
user_102958,dev_103729
user_102959,dev_103730
user_102960,dev_103731
user_102961,dev_101207
user_102962,dev_103732
user_102963,dev_103733
user_102964,dev_103734
user_102965,dev_103735
user_102965,dev_103736
user_102966,dev_103737
user_102967,dev_103738
user_102968,dev_103739
user_102969,dev_103740
user_102970,dev_103741
user_102971,dev_103742
user_102972,dev_103743
user_102973,dev_103744
user_102974,dev_103745
user_102974,dev_103746
user_102974,dev_103747
user_102974,dev_103748
user_102974,dev_103749
user_102974,dev_103750
user_102975,dev_103751
user_102976,dev_103752
user_102977,dev_103753
user_102978,dev_103754
user_102979,dev_103755
user_102980,dev_103756
user_102981,dev_103757
user_102982,dev_103758
user_102983,dev_103759
user_102983,dev_103760
user_102984,dev_103761
user_102985,dev_103762
user_102986,dev_103763
user_102987,dev_103764
user_102988,dev_103765
user_102988,dev_103766
user_102989,dev_103767
user_102989,dev_103768
user_102989,dev_103769
user_102990,dev_103770
user_102991,dev_103771
user_102992,dev_103772
user_102992,dev_103773
user_102993,dev_103774
user_102994,dev_103775
user_102995,dev_103776
user_102996,dev_103777
user_102997,dev_103778
user_102998,dev_103779
user_102999,dev_103780
user_103000,dev_103781
user_103001,dev_103782
user_103002,dev_103783
user_103003,dev_101210
user_103004,dev_103784
user_103005,dev_103785
user_103006,dev_103786
user_103007,dev_103787
user_103008,dev_103788
user_103009,dev_103789
user_103010,dev_103790
user_103011,dev_103791
user_103012,dev_103792
user_103012,dev_103793
user_103013,dev_103794
user_103014,dev_103795
user_103015,dev_103796
user_103016,dev_103297
user_103017,dev_103797
user_103018,dev_103798
user_103019,dev_103799
user_103020,dev_103800
user_103021,dev_103801
user_103021,dev_103802
user_103022,dev_103803
user_103023,dev_103804
user_103024,dev_103805
user_103025,dev_103806
user_103026,dev_103807
user_103027,dev_103808
user_103028,dev_103809
user_103029,dev_103810
user_103029,dev_103811
user_103030,dev_103812
user_103031,dev_103813
user_103032,dev_103814
user_103033,dev_103815
user_103034,dev_103658
user_103035,dev_103816
user_103036,dev_103817
user_103036,dev_103818
user_103037,dev_103819
user_103038,dev_103820
user_103039,dev_103821
user_103040,dev_103822
user_103041,dev_103823
user_103042,dev_103824
user_103043,dev_103825
user_103044,dev_103826
user_103045,dev_103827
user_103046,dev_103828
user_103047,dev_100355
user_103047,dev_100373
user_103047,dev_100367
user_103047,dev_100375
user_103048,dev_103829
user_103049,dev_103830
user_103050,dev_103831
user_103051,dev_103832
user_103052,dev_103833
user_103052,dev_103834
user_103053,dev_103835
user_103054,dev_100348
user_103055,dev_103836
user_103056,dev_103837
user_103057,dev_103838
user_103058,dev_103839
user_103059,dev_102378
user_103060,dev_103840
user_103061,dev_103841
user_103062,dev_103842
user_103063,dev_103843
user_103064,dev_103844
user_103065,dev_103845
user_103065,dev_103846
user_103065,dev_103847
user_103066,dev_103848
user_103067,dev_103849
user_103068,dev_103850
user_103069,dev_103851
user_103070,dev_103852
user_103071,dev_103853
user_103072,dev_102999
user_103073,dev_103854
user_103074,dev_103855
user_103075,dev_103856
user_103075,dev_103857
user_103076,dev_103858
user_103077,dev_103859
user_103078,dev_103860
user_103079,dev_103861
user_103080,dev_103862
user_103081,dev_103863
user_103082,dev_103864
user_103083,dev_103865
user_103084,dev_100772
user_103085,dev_103866
user_103086,dev_103867
user_103087,dev_103868
user_103088,dev_103869
user_103089,dev_100348
user_103090,dev_103870
user_103091,dev_103871
user_103092,dev_103872
user_103092,dev_103873
user_103093,dev_103874
user_103094,dev_103875
user_103095,dev_103876
user_103095,dev_103877
user_103096,dev_103878
user_103097,dev_103879
user_103098,dev_103880
user_103099,dev_103881
user_103100,dev_103882
user_103101,dev_103883
user_103102,dev_103884
user_103102,dev_103885
user_103103,dev_103886
user_103104,dev_103887
user_103104,dev_101584
user_103104,dev_103888
user_103104,dev_102371
user_103104,dev_103889
user_103104,dev_103890
