dev_102056,dev_102057
dev_102762
dev_100230
dev_102833,dev_102834,dev_102835,dev_102836,dev_102837,dev_102838,dev_102839,dev_102840,dev_102841,dev_102842,dev_102843,dev_102844,dev_102845,dev_102846,dev_102847,dev_102848
dev_103109
dev_100645
dev_102309,dev_102311,dev_102312,dev_102313,dev_102314,dev_102316
dev_102203
dev_101818,dev_101819
dev_103219
dev_101340
dev_101165
dev_100623
dev_103581
dev_100672,dev_100673,dev_100674
dev_100483,dev_100484
dev_100279,dev_100280,dev_100281
dev_102270
dev_101884,dev_101885
dev_101319
dev_101751,dev_101752
dev_102271
dev_100038
dev_102138,dev_102139,dev_102140,dev_102141,dev_102142,dev_102143,dev_102144,dev_102145,dev_102146,dev_102147,dev_102148,dev_102149
dev_101781
dev_101491
dev_100347
dev_103022,dev_103023
dev_101378
dev_102285
dev_101166
dev_101937
dev_101438
dev_103609
dev_103024
dev_103756
dev_101341
dev_101465
dev_100037
dev_100576
dev_100871,dev_100872,dev_100873,dev_100874,dev_100875
dev_100194
dev_100200
dev_103220
dev_100195,dev_100196,dev_103582,dev_103584,dev_103586
dev_103455,dev_103742,dev_103860
dev_102804
dev_101782
dev_101338
dev_100341,dev_100342
dev_100003
dev_100363,dev_100364,dev_100365,dev_100370
dev_101105
dev_102380,dev_102381
dev_101082
dev_101887
dev_102331
dev_102741,dev_102742
dev_102392
dev_100332
dev_101039,dev_101040,dev_101041,dev_101042,dev_101043,dev_101044,dev_101045,dev_101046,dev_101047,dev_101048,dev_101049,dev_101050,dev_101051,dev_101052
dev_101597
dev_101337
dev_102877
dev_102272
dev_101995
dev_103830
dev_100648
dev_103660
dev_100422
dev_101412
dev_102468
dev_101172,dev_102999
dev_101495
dev_101900
dev_101023
dev_102109
dev_101946
dev_103790
dev_100920,dev_100921,dev_100922,dev_100923,dev_100924,dev_100925,dev_100926,dev_100927,dev_100928,dev_100929,dev_100930,dev_100931,dev_100932,dev_100933,dev_100934,dev_100935,dev_100936,dev_100937,dev_100938,dev_100939,dev_100940,dev_100941,dev_100942,dev_100943,dev_100944,dev_100945,dev_100946,dev_100947,dev_100948,dev_100949,dev_100950,dev_100951,dev_100952,dev_100953,dev_100954,dev_100955,dev_100956,dev_100957,dev_100958,dev_100959,dev_100960,dev_100961,dev_100962,dev_100963,dev_100964,dev_100965
dev_102769
dev_103359
dev_100771
dev_102166
dev_100377
dev_100256
dev_101790,dev_101791
dev_102641
dev_101037
dev_100286
dev_101357
dev_101901
dev_102875
dev_103523,dev_103524
dev_102027,dev_102028,dev_102029,dev_102030,dev_102031,dev_102032,dev_102033,dev_102034,dev_102035,dev_102036,dev_102037,dev_102038,dev_102039,dev_102040,dev_102041,dev_102042
dev_100485
dev_100384
dev_102889
dev_101975,dev_102427
dev_103759
dev_103457
dev_100355,dev_100361
dev_101812
dev_100198,dev_100628,dev_100876,dev_101705,dev_102157,dev_102161,dev_102489,dev_102647,dev_103113,dev_103783,dev_103839,dev_103874
dev_100701
dev_102548
dev_100768
dev_103812
dev_101479
dev_101615
dev_100075,dev_100182,dev_100421,dev_101274,dev_102923
dev_103785
dev_103633
dev_102108
dev_103049
dev_101308
dev_101989
dev_101757
dev_100818
dev_100721
dev_101800
dev_102630
dev_102293,dev_102677,dev_103059
dev_100852
dev_101998,dev_103143
dev_100458
dev_103723
dev_101111
dev_103884,dev_103885
dev_103271
dev_101291,dev_102077
dev_103542,dev_103543,dev_103544,dev_103545,dev_103548
dev_101673
dev_100300
dev_101878
dev_102274
dev_100140,dev_102963
dev_101669
dev_102857
dev_101525
dev_100714
dev_103510
dev_100595
dev_102325
dev_103055
dev_101103
dev_100548
dev_102791
dev_100138
dev_102777
dev_102137
dev_103210
dev_102059
dev_100811
dev_102549,dev_102593,dev_102986
dev_100254
dev_102788
dev_102002
dev_102657
dev_103658
dev_101329
dev_100040
dev_102950
dev_102859
dev_102582
dev_100501
dev_103348
dev_103732
dev_103157
dev_102213
dev_103850
dev_102831
dev_100572,dev_103522,dev_103634
dev_103852
dev_100015,dev_103722
dev_102266,dev_102351
dev_102678
dev_100058,dev_100297,dev_100526,dev_100651,dev_101092,dev_101213,dev_101400,dev_102162,dev_102289,dev_102343,dev_102815,dev_102934,dev_103347,dev_103375,dev_103668,dev_103784,dev_103881
dev_102775
dev_101113,dev_101114
dev_103136
dev_100835,dev_102379,dev_103150
dev_101780
dev_102618
dev_103516
dev_101066
dev_100375
dev_101351
dev_101600
dev_100316
dev_103585
dev_101059
dev_100150
dev_102345
dev_102278
dev_100722
dev_101022
dev_103481
dev_102317
dev_100551,dev_101472,dev_103622
dev_101402,dev_101407,dev_102119,dev_103218
dev_102224
dev_103882
dev_100592
dev_102174
dev_103657
dev_102870
dev_102259
dev_100690,dev_103753
dev_101493
dev_101551
dev_100470
dev_103803
dev_103583
dev_101768
dev_101663
dev_101270,dev_101712,dev_101956,dev_102368,dev_102506,dev_102572,dev_103494,dev_103610
dev_103164
dev_101316
dev_101356
dev_100807
dev_101805
dev_100070
dev_101332
dev_101494
dev_103201
dev_101266,dev_101267
dev_100114,dev_100806,dev_103598
dev_102686
dev_103833,dev_103834
dev_101104
dev_103682
dev_100493
dev_102711
dev_101099
dev_103738
dev_100030,dev_100031
dev_103285
dev_103274
dev_100719
dev_103824
dev_102953
dev_102019
dev_102722
dev_100356,dev_100371
dev_101317
dev_100461,dev_101265,dev_101716,dev_102374,dev_103462,dev_103550,dev_103688
dev_101327
dev_103765
dev_103539
dev_102004
dev_102626
dev_103661,dev_103662,dev_103663
dev_103244
dev_102208
dev_102016
dev_103060
dev_101410
dev_103628
dev_100181
dev_102616,dev_103422
dev_102699
dev_100810,dev_100812,dev_100814,dev_100815,dev_100816,dev_100819,dev_100821,dev_100822,dev_100823
dev_100711
dev_100606
dev_100444
dev_103281
dev_100310,dev_100613,dev_100836,dev_101807,dev_101868,dev_101889,dev_101924,dev_102397,dev_102417,dev_103015,dev_103212,dev_103557,dev_103730
dev_101008,dev_101430,dev_102253
dev_101334
dev_100465,dev_100630,dev_101155,dev_101608,dev_101974,dev_101978,dev_102803,dev_102915,dev_103430
dev_102688
dev_100558
dev_101170
dev_101261
dev_100463
dev_102704,dev_102713
dev_102277
dev_101360
dev_102695
dev_103509
dev_101038
dev_100373
dev_101463,dev_101464
dev_100417
dev_101366
dev_102079
dev_103567
dev_102275,dev_102284
dev_103254,dev_103257,dev_103262
dev_101086
dev_103369
dev_101348
dev_102281
dev_102684,dev_102709
dev_101804
dev_101018
dev_103427
dev_101938
dev_100429,dev_100659,dev_100894,dev_100973,dev_101142,dev_101488,dev_101881,dev_101906,dev_102601,dev_103141,dev_103774
dev_100352
dev_101700
dev_103368
dev_101016
dev_102341
dev_101058
dev_101359
dev_100262,dev_101609,dev_103490
dev_100826
dev_100013
dev_100233
dev_101999
dev_102702
dev_103042
dev_103596
dev_100206,dev_100865
dev_102287
dev_101355
dev_100006
dev_100870
dev_100199,dev_102385
dev_100249,dev_100284,dev_100285,dev_100301,dev_100617,dev_100863,dev_100880,dev_101148,dev_101581,dev_101939,dev_101992,dev_102399,dev_102600,dev_102628,dev_102739,dev_103168,dev_103456
dev_101343
dev_103718
dev_103760
dev_103251,dev_103256,dev_103258,dev_103260,dev_103263,dev_103267,dev_103268,dev_103269,dev_103273,dev_103278,dev_103280
dev_103555
dev_102730
dev_101217
dev_103737
dev_100878
dev_102178
dev_101534
dev_101021
dev_102717
dev_101272
dev_100351
dev_101423
dev_102869
dev_102319
dev_103486
dev_101969
dev_102954
dev_102707,dev_102719
dev_100049,dev_100051
dev_100591
dev_103083
dev_103265,dev_103266,dev_103270,dev_103277,dev_103279,dev_103282,dev_103283
dev_100668
dev_102409
dev_103716
dev_102731
dev_102280
dev_102534
dev_100335,dev_100504,dev_101753
dev_102696,dev_102705
dev_100050
dev_102273
dev_100853
dev_103224
dev_101432
dev_101624
dev_102904
dev_102727
dev_100663
dev_101328
dev_100846
dev_102634
dev_102692,dev_102734
dev_101109
dev_102288
dev_102239,dev_102260
dev_102598
dev_102884
dev_100538
dev_101358
dev_103190
dev_101725
dev_103687
dev_103683
dev_100776
dev_102683
dev_102429
dev_103259
dev_100002,dev_100525,dev_102935,dev_103831
dev_102337
dev_102710
dev_101336
dev_102637
dev_102306
dev_103690
dev_102736
dev_101977
dev_102200,dev_102625
dev_102977
dev_102729,dev_102737
dev_101750
dev_103707
dev_102194
dev_101718
dev_102212
dev_100662
dev_100366
dev_100757
dev_101346
dev_101860
dev_100879
dev_102714
dev_103883
dev_102236
dev_101959
dev_101349
dev_102882
dev_102633
dev_103418
dev_102292
dev_103506
dev_102599
dev_102584
dev_100569
dev_100967
dev_102693,dev_102716
dev_102682,dev_102715,dev_102723,dev_102724
dev_100718
dev_103236
dev_102694,dev_102728,dev_102735
dev_101931
dev_102732
dev_100549
dev_103046
dev_101096,dev_101097
dev_100001
dev_103797
dev_100574
dev_100053
dev_101436,dev_102372
dev_102470
dev_102940,dev_102941
dev_101552,dev_101875,dev_102579,dev_103674
dev_102045
dev_101622
dev_102939
dev_100515
dev_100550
dev_100487,dev_102156
dev_102951
dev_100970,dev_102985
dev_102685
dev_102681
dev_100224
dev_103547
dev_102691
dev_103480
dev_103310
dev_100245
dev_101365,dev_103711
dev_100505
dev_101449
dev_100354,dev_100359,dev_100367
dev_101883
dev_100568
dev_100642
dev_101507
dev_102706
dev_102544
dev_101431
dev_100503
dev_100380
dev_102478
dev_100772
dev_100137
dev_103118
dev_102473
dev_101380
dev_101831
dev_101171
dev_102568
dev_102910
dev_102515,dev_102516
dev_103458
dev_100820
dev_101823
dev_102578
dev_102640
dev_103728
dev_100532
dev_102689
dev_102456,dev_103366
dev_103630
dev_102979
dev_103502
dev_103514
dev_101783
dev_101447
dev_100495
dev_101756
dev_103484
dev_103563
dev_102776
dev_100966
dev_100991,dev_100992,dev_100993
dev_102750
dev_102286
dev_102701
dev_103198
dev_101107
dev_102063
dev_100616
dev_101509,dev_101627,dev_102892
dev_101214
dev_100646
dev_102747
dev_101403
dev_101645
dev_102404
dev_102754
dev_100212
dev_100524,dev_102562,dev_103556
dev_100357
dev_100899
dev_102545
dev_102690
dev_103538
dev_101151
dev_102214
dev_103378
dev_103880
dev_100624
dev_101347
dev_102748
dev_103425
dev_102611,dev_103171
dev_100336
dev_102254
dev_102976
dev_100188
dev_100362
dev_101475
dev_100566
dev_100296,dev_100553,dev_101074,dev_102006,dev_102400,dev_102878
dev_103367,dev_103519
dev_102015
dev_103337
dev_101002
dev_100778
dev_100376
dev_103564
dev_102913
dev_103731
dev_102104
dev_101533
dev_103211
dev_100353
dev_101870
dev_101339
dev_103140
dev_100228
dev_101713
dev_100229
dev_102874
dev_100614
dev_101886
dev_100975
dev_103064
dev_101306
dev_100131,dev_103570
dev_102133
dev_100289
dev_102494
dev_103531
dev_102569
dev_102721
dev_100825
dev_103349
dev_101352
dev_102003
dev_102283
dev_101344
dev_102339
dev_103719
dev_101354
dev_102472
dev_102871
dev_100808
dev_102235
dev_100573
dev_102660
dev_100608
dev_101248,dev_103112
dev_101102,dev_101394,dev_103148,dev_103836
dev_103644
dev_103360
dev_101331
dev_102644
dev_102060
dev_100226,dev_103453
dev_100298
dev_103192
dev_103361
dev_102697
dev_103423
dev_103781
dev_103217
dev_101034
dev_103090,dev_103091,dev_103092
dev_100350,dev_100368
dev_102755
dev_103573
dev_100681,dev_101123,dev_101124,dev_103035
dev_103672
dev_102049
dev_102127
dev_102386
dev_103221
dev_102900
dev_100813
dev_103604
dev_101765
dev_101594
dev_101896
dev_101927
dev_101960
dev_103537
dev_101115
dev_102169
dev_102862
dev_103693
dev_103656
dev_100817
dev_100469,dev_103465
dev_101793
dev_102383
dev_100028
dev_102883
dev_102928
dev_100704,dev_101728,dev_102798
dev_100761
dev_100523
dev_100726
dev_103165
dev_103451
dev_100104
dev_103293,dev_103294
dev_100043,dev_100971,dev_100972,dev_101100
dev_100110
dev_102802
dev_102117
dev_103197
dev_103851
dev_102972
dev_103551
dev_103602,dev_103603
dev_103782
dev_103696
dev_100752
dev_103713
dev_103647
dev_100183
dev_102154
dev_100824
dev_100537
dev_101988
dev_100180
dev_103387
dev_100636
dev_103866
dev_100348
dev_102526,dev_102527,dev_102528
dev_101118
dev_102233
dev_100398
dev_100428
dev_101254
dev_102492
dev_100069,dev_100216
dev_103764
dev_101686
dev_101210
dev_103473
dev_100358
dev_102591
dev_103426
dev_100639,dev_101224
dev_103528
dev_102749
dev_101691
dev_103577
dev_101305
dev_100575
dev_100678
dev_103789
dev_103037
dev_102394
dev_103736
dev_101137
dev_101249
dev_102725
dev_102614,dev_103006
dev_101872
dev_100087,dev_103058
dev_101477
dev_102255
dev_103449
dev_102680
dev_100600
dev_101930
dev_102217
dev_101650
dev_102246
dev_100027
dev_101020
dev_102282
dev_101942
dev_100462
dev_102401
dev_100273
dev_100882
dev_103111
dev_103155
dev_100978
dev_101591
dev_103139
dev_100134
dev_101955
dev_102703
dev_100072
dev_101363
dev_100313,dev_101742
dev_100795
dev_102164
dev_103639
dev_102830
dev_102430
dev_100315
dev_100809,dev_101940,dev_103499
dev_100489
dev_103070
dev_100677
dev_102726
dev_103709
dev_101910
dev_103479
dev_101312
dev_101108
dev_101769
dev_101135
dev_102720
dev_103144
dev_100767
dev_101405,dev_102898
dev_101404
dev_103632
dev_101726
dev_100219
dev_102668
dev_102209
dev_103036
dev_102610
dev_103334
dev_101257
dev_102718
dev_101278
dev_100293
dev_103496
dev_101647
dev_101219
dev_103011,dev_103012
dev_101703
dev_100041
dev_102743
dev_101798
dev_102795
dev_102458
dev_101538
dev_101106
dev_100324
dev_101330
dev_102952
dev_103488
dev_101381
dev_101618
dev_102698
dev_100073
dev_100382
dev_100266
dev_103231
dev_100302
dev_102949
dev_103326
dev_103230
dev_102446
dev_103004
dev_100829
dev_100675
dev_102387,dev_102388,dev_102389,dev_102390
dev_102199
dev_102903
dev_101379
dev_103648
dev_103346
dev_103469
dev_100287
dev_103594
dev_101387
dev_102801
dev_103792
dev_101208
dev_100472
dev_103013
dev_103793
dev_101708
dev_101255
dev_103032
dev_101709
dev_101063
dev_100982
dev_102055
dev_103002
dev_102477
dev_102265
dev_101442
dev_102435
dev_102428
dev_101529,dev_101633
dev_103664
dev_102632
dev_100907
dev_100904
dev_102587
dev_103813
dev_101853
dev_100725
dev_102001
dev_100474
dev_102070
dev_103133
dev_102957
dev_102771
dev_100314
dev_100990
dev_101301
dev_103686
dev_103454
dev_102912
dev_100411
dev_101685
dev_100346
dev_103437
dev_100983
dev_102822
dev_103825
dev_100900,dev_100901,dev_100903,dev_100905,dev_100906
dev_100065
dev_102521,dev_102522
dev_101531
dev_102896
dev_103226,dev_103227,dev_103228,dev_103229,dev_103232,dev_103233,dev_103234
dev_101417
dev_100400
dev_101489
dev_102655
dev_100989
dev_100689
dev_102901
dev_100433
dev_102481
dev_101175,dev_101176,dev_101177,dev_101179,dev_101180,dev_101181,dev_101182,dev_101183
dev_101566
dev_100257
dev_102552
dev_100604
dev_102464
dev_103777
dev_100447
dev_101386
dev_103327
dev_103540
dev_101246
dev_100142
dev_100241
dev_101641,dev_103558,dev_103704,dev_103705
dev_101385
dev_101848,dev_101849,dev_101850,dev_101851,dev_101854
dev_100833
dev_100078
dev_103593
dev_100116
dev_100491
dev_102434
dev_102759
dev_102590
dev_103175,dev_103176
dev_100056
dev_101562,dev_101563,dev_102902
dev_101128
dev_101761
dev_100649
dev_102577
dev_102517
dev_101862
dev_102163
dev_102459
dev_101454
dev_101146
dev_101880
dev_102667
dev_100215
dev_101119
dev_101619
dev_101069
dev_103811
dev_100401
dev_101970
dev_103483
dev_100844
dev_102043
dev_100408
dev_101061
dev_102964
dev_101345
dev_101824
dev_102346
dev_102631
dev_102785
dev_100513
dev_100728
dev_101822
dev_103669
dev_101186
dev_100399
dev_102378
dev_100246
dev_101333
dev_103388
dev_103780
dev_102261
dev_103611
dev_101710
dev_103205
dev_101083
dev_102352
dev_100238
dev_101161
dev_101126
dev_100416
dev_101802
dev_102615
dev_101842,dev_101843,dev_101844,dev_101845,dev_101846,dev_101852,dev_101855,dev_101856
dev_103829
dev_101632
dev_101914
dev_100064
dev_101268
dev_103431
dev_103261
dev_100023
dev_102627
dev_101252
dev_100415
dev_102700
dev_103495
dev_102076
dev_101839
dev_101629
dev_100536
dev_101353
dev_101084,dev_101085
dev_102784
dev_100502
dev_100868
dev_101322
dev_101223
dev_101070
dev_100559
dev_101010,dev_101011
dev_103800
dev_101665
dev_102708
dev_100267
dev_101684
dev_102240
dev_101547
dev_101450
dev_101437
dev_101149
dev_101595
dev_101932
dev_101251
dev_101897
dev_100861
dev_103159
dev_100842
dev_102419,dev_102420
dev_101452
dev_102666
dev_101065,dev_101835
dev_102597
dev_100106
dev_102021
dev_100426
dev_102206
dev_103421
dev_100055
dev_103186
dev_100476
dev_100039
dev_103108
dev_101289
dev_100707
dev_101130
dev_101626
dev_100758
dev_103350
dev_101241
dev_101127
dev_100311
dev_103429
dev_101983
dev_100276
dev_102813
dev_103559
dev_101131
dev_103173
dev_101981
dev_101830
dev_102551
dev_102267
dev_100271
dev_101444
dev_101441
dev_101362
dev_103588
dev_101530
dev_101526
dev_102567
dev_103646
dev_103291
dev_102025
dev_101015
dev_101443
dev_101777
dev_102153
dev_101227
dev_102767
dev_101158
dev_103381
dev_101232
dev_101519
dev_103299
dev_101009
dev_102518
dev_103560
dev_101841,dev_101847,dev_101857
dev_103252,dev_103253,dev_103255,dev_103264,dev_103272,dev_103275
dev_100840
dev_101961
dev_101536
dev_103057
dev_103445
dev_101239
dev_103096
dev_102416
dev_100626
dev_101888
dev_100602
dev_101681,dev_101682
dev_101912,dev_101913
dev_102849,dev_102850
dev_101231
dev_100847,dev_100890
dev_103209
dev_102933
dev_102673
dev_100225
dev_102207
dev_100888
dev_102251
dev_102789
dev_102121,dev_102123,dev_102124,dev_102125
dev_101473
dev_100260
dev_103182
dev_100410
dev_101456
dev_103301
dev_103655
dev_101625
dev_103816
dev_100851
dev_100514
dev_100744
dev_100745,dev_100746
dev_101315
dev_101527
dev_100657
dev_102413
dev_102391
dev_100699
dev_100895
dev_102482
dev_101771
dev_101776
dev_101773
dev_101778
dev_101775
dev_101690
dev_101779
dev_101772
dev_100105
dev_101774
dev_101829
dev_101503
dev_101833
dev_103170
dev_102653
dev_100554
dev_101834
dev_101570,dev_101572
dev_100625
dev_103887
dev_102679
dev_101916
dev_102504
dev_100478,dev_100481
dev_100231
dev_102407
dev_100828
dev_103393
dev_101032
dev_102193
dev_101476
dev_103747
dev_101390
dev_100248
dev_102818
dev_103613
dev_100227
dev_103746
dev_100432
dev_103623
dev_100449
dev_102195
dev_103739
dev_103504
dev_103770
dev_100570
dev_100201
dev_100655
dev_100323
dev_103859
dev_100189,dev_103862
dev_103867
dev_103131
dev_100518
dev_100412
dev_100561
dev_102649
dev_103534
dev_102185
dev_100029
dev_102405
dev_101893
dev_102220
dev_101508
dev_101233
dev_101674
dev_100547
dev_103752
dev_101954
dev_103315
dev_103052
dev_102422
dev_101421
dev_100755
dev_102770
dev_103246
dev_101655
dev_100309
dev_103130
dev_100560
dev_102609
dev_102204
dev_101569
dev_101869
dev_101197
dev_102318
dev_100577
dev_101590
dev_102131
dev_103549
dev_101521
dev_100654
dev_103675
dev_103677,dev_103678
dev_100112
dev_100202
dev_102488
dev_100203
dev_101986
dev_100656
dev_100048
dev_100653
dev_102176
dev_101007
dev_103135
dev_101303
dev_102643
dev_101304
dev_103072
dev_100902
dev_101311
dev_100443
dev_101457
dev_103679
dev_100770
dev_100084
dev_101209
dev_103552
dev_101652
dev_101518
dev_102996
dev_102799
dev_101299
dev_101758
dev_103162
dev_101373
dev_101296
dev_103145
dev_100838
dev_102868
dev_100691
dev_103670
dev_101110
dev_101445
dev_100385
dev_101152
dev_102348
dev_103607
dev_103428
dev_102256
dev_102461
dev_103772,dev_103773
dev_103515
dev_103890
dev_101928
dev_100263
dev_103243
dev_101683
dev_102557,dev_102558
dev_101646
dev_101861
dev_100077
dev_103595
dev_100969
dev_100724
dev_102764
dev_101610
dev_103439
dev_102136
dev_101865
dev_103041
dev_102651
dev_100599
dev_102753
dev_101398
dev_103235
dev_103691
dev_101732
dev_100255
dev_101133
dev_103676
dev_102744
dev_102885
dev_103849
dev_103008
dev_103714
dev_102263
dev_101428,dev_102513
dev_102554
dev_101089
dev_103053
dev_100545,dev_103048,dev_103344
dev_101190
dev_100886
dev_102865
dev_102184
dev_103078
dev_100998,dev_100999
dev_100586
dev_102652
dev_103389
dev_100705
dev_102168
dev_101153
dev_100910
dev_103685
dev_103033
dev_101198,dev_101200
dev_100414
dev_101035
dev_102768
dev_100475
dev_100409
dev_102806
dev_100640
dev_100000
dev_102361,dev_102362,dev_102363
dev_102192
dev_100884,dev_100885
dev_100533
dev_102805
dev_102663
dev_102893
dev_100762
dev_101515
dev_102013
dev_103385,dev_103386
dev_100052
dev_100392
dev_102824
dev_100911,dev_100913,dev_100915,dev_100916,dev_100917
dev_101873
dev_103402
dev_102150
dev_102658
dev_101006
dev_103419
dev_100897
dev_102827
dev_101406
dev_103635
dev_102080
dev_102369
dev_101660
dev_102469
dev_101199
dev_101506
dev_103717
dev_101838
dev_101342
dev_102765
dev_102505
dev_101739
dev_101574
dev_103767
dev_101116
dev_102899
dev_102496
dev_101516
dev_103320
dev_101250
dev_102825
dev_101907,dev_101908,dev_102828
dev_100197
dev_101095
dev_101545
dev_102826
dev_103684
dev_102829
dev_103017
dev_102247
dev_101657
dev_100802
dev_101642
dev_102550
dev_101215
dev_100184
dev_101184
dev_102787
dev_103132
dev_103034
dev_101636
dev_102983
dev_102188
dev_102559
dev_102483
dev_101643
dev_101638
dev_100785
dev_100339
dev_101639
dev_103079
dev_101635
dev_101631
dev_103671
dev_101644
dev_102772
dev_102216
dev_103000
dev_101422
dev_101634
dev_101640
dev_101637
dev_102107
dev_102894
dev_101651
dev_103446
dev_103699
dev_100374
dev_102167
dev_101735
dev_101580
dev_100883
dev_101611
dev_100601
dev_102948
dev_100849
dev_102291
dev_102761
dev_100687
dev_101101
dev_101755
dev_102613
dev_103318
dev_100622,dev_102520,dev_102642,dev_103819
dev_102122
dev_102973
dev_103325
dev_102525
dev_103076
dev_101982
dev_100841
dev_100500
dev_100650
dev_101542,dev_101544
dev_102792
dev_101984
dev_103116
dev_102375
dev_103160
dev_103845,dev_103846,dev_103847
dev_101478
dev_100631
dev_102264
dev_100607
dev_102925
dev_101496
dev_100459
dev_100005
dev_100004
dev_103810
dev_102588
dev_100010
dev_103081
dev_103223
dev_102111,dev_102112,dev_102113,dev_102114
dev_101664
dev_101763
dev_103399
dev_101139
dev_101253
dev_103568
dev_101994
dev_100792
dev_101418,dev_103215,dev_103600
dev_101098
dev_101193
dev_100438
dev_102929
dev_103153
dev_100686
dev_101185
dev_100754
dev_100796
dev_100610
dev_102241,dev_102242,dev_102243,dev_102244
dev_102997
dev_101828
dev_100440
dev_102982
dev_100387
dev_101598
dev_100994
dev_103820
dev_101546
dev_100386
dev_101091
dev_103397
dev_101013,dev_101917,dev_102323,dev_102580,dev_103601,dev_103806
dev_101323
dev_102201
dev_101808
dev_102338
dev_101616
dev_103511
dev_102758
dev_100498
dev_101911
dev_101623
dev_101724
dev_102414
dev_101448
dev_101502
dev_100074
dev_100383
dev_102589
dev_101730
dev_100788
dev_101220
dev_103020
dev_101188
dev_100665,dev_100666
dev_102890,dev_102891
dev_101523
dev_101796
dev_102249
dev_101168
dev_103400
dev_103335
dev_101599
dev_100756
dev_102073
dev_102807
dev_100539
dev_101614
dev_103513
dev_102118
dev_100148
dev_100261
dev_100423
dev_103703
dev_100683
dev_102602
dev_101425
dev_103758
dev_100014
dev_100283
dev_101879
dev_103240
dev_102503
dev_100275
dev_101749
dev_102886
dev_100543
dev_100541,dev_100542
dev_102250
dev_101602
dev_101364
dev_100621
dev_103476
dev_102279
dev_102129
dev_100340
dev_103507
dev_102648
dev_103876,dev_103877
dev_103238
dev_100123
dev_102365
dev_100660
dev_102328
dev_101661
dev_103546
dev_103191
dev_102257
dev_103249
dev_102645
dev_101125
dev_100250
dev_102786
dev_103828
dev_101741
dev_102155
dev_102018
dev_102191
dev_102984
dev_102510
dev_101809
dev_100801
dev_100638
dev_101866,dev_101867
dev_101399
dev_100193
dev_101279,dev_101280
dev_100647
dev_100211
dev_101511
dev_101891
dev_103561
dev_103697
dev_103242
dev_102687
dev_100706
dev_101288
dev_102115
dev_101140
dev_103680
dev_100318,dev_100321
dev_101189
dev_100405
dev_102926
dev_102475
dev_102064
dev_100071
dev_103208
dev_101350
dev_103151
dev_102097,dev_102100
dev_100232
dev_100434
dev_102491
dev_100427
dev_101990
dev_100441
dev_103412
dev_103119
dev_102793
dev_100856
dev_101654
dev_100067
dev_103179
dev_100618
dev_102592
dev_100747
dev_103276
dev_103798
dev_103517
dev_103827
dev_101318
dev_100494
dev_103409
dev_103284
dev_103396
dev_103001
dev_103018
dev_103401
dev_100784
dev_103405
dev_101792
dev_103103
dev_101497
dev_101469
dev_100253
dev_102005
dev_103351
dev_102231
dev_101722
dev_103403
dev_100243
dev_103415
dev_101088
dev_103404
dev_103408
dev_103407
dev_100235
dev_103471
dev_100135
dev_103541
dev_103406
dev_103840
dev_101571
dev_102432
dev_100430
dev_101688
dev_101827
dev_103166
dev_102911
dev_103398
dev_101951
dev_103744
dev_102296,dev_102297,dev_102298,dev_102299,dev_102300,dev_102301,dev_102302,dev_102303,dev_102304
dev_100627
dev_101434,dev_101435
dev_103370
dev_101653
dev_103575
dev_103841
dev_101326
dev_103637
dev_102511
dev_101745
dev_101748
dev_101707
dev_103225
dev_101734
dev_100974
dev_101060
dev_102876
dev_100702
dev_101275
dev_101368
dev_101811
dev_100565
dev_100605
dev_102071
dev_101813
dev_100450
dev_103128
dev_102563
dev_102340
dev_102457
dev_101225
dev_103832
dev_100881
dev_103071
dev_103073
dev_101826
dev_101429
dev_103075
dev_101759
dev_102956
dev_103074
dev_103123,dev_103124
dev_103624
dev_103779
dev_100789
dev_100981
dev_102851
dev_103193
dev_101080,dev_102467
dev_102931
dev_103163
dev_102669
dev_100379
dev_103174
dev_102445
dev_102583
dev_100717
dev_103420
dev_101321
dev_101737
dev_101719
dev_102046,dev_102047
dev_101145
dev_102223
dev_102327
dev_101553
dev_103302
dev_102476
dev_100479,dev_100480,dev_100482
dev_102229
dev_100749
dev_102872
dev_101054
dev_101228
dev_101965
dev_103769
dev_103358
dev_100834
dev_103384
dev_103868
dev_102130
dev_102159
dev_100887
dev_102202
dev_100685
dev_101072
dev_102604
dev_102455
dev_103702
dev_101543
dev_103156
dev_102808
dev_100837
dev_101767
dev_100018
dev_103137
dev_103733
dev_103501
dev_100295
dev_102832
dev_102172
dev_103627
dev_102574
dev_101492
dev_103146
dev_103088
dev_102760
dev_101300
dev_100869
dev_102170
dev_103343
dev_100425
dev_103788
dev_101369
dev_102970
dev_103796
dev_100680
dev_101420
dev_102245
dev_103814
dev_102226
dev_102009
dev_102186
dev_103062
dev_100556
dev_103636
dev_101036
dev_103591
dev_100774
dev_103786
dev_101903
dev_103441,dev_103444
dev_100980
dev_102797
dev_101918
dev_103649
dev_102565
dev_102054
dev_101613
dev_102936
dev_102502
dev_100644,dev_101377
dev_103778
dev_103380
dev_103768
dev_101698,dev_101699
dev_101178
dev_101391
dev_100751
dev_102560
dev_100413
dev_102460
dev_100748
dev_103751
dev_101628
dev_103353
dev_102010
dev_100331
dev_101972
dev_101770
dev_101446
dev_100085
dev_103835
dev_102570
dev_101743
dev_103464
dev_100512
dev_102322
dev_101968
dev_103618
dev_101211
dev_100133
dev_100270
dev_100007
dev_100619
dev_101150
dev_101967
dev_101455
dev_100381
dev_101662
dev_102623
dev_103237
dev_100546
dev_102969
dev_100312
dev_100976
dev_103187
dev_103452,dev_103698
dev_102396
dev_103435
dev_100278
dev_102358
dev_103572
dev_103203
dev_103498
dev_103681
dev_102819,dev_102820
dev_101236
dev_102932
dev_100918
dev_100186
dev_101997
dev_102998
dev_100222
dev_103390
dev_101187
dev_101079
dev_103432
dev_103185
dev_101689
dev_102733
dev_102881
dev_101483
dev_103762
dev_100637
dev_102620
dev_101697
dev_100455
dev_102074
dev_103292
dev_100798
dev_100236
dev_100507
dev_102353
dev_103121
dev_101512,dev_101513
dev_103871
dev_101501
dev_102585
dev_101706
dev_102854
dev_102535,dev_102745
dev_100896
dev_102947
dev_101229
dev_101561
dev_100529
dev_102978
dev_103038
dev_102196
dev_103503
dev_102856
dev_101568,dev_102622
dev_100402
dev_103373
dev_101129
dev_100723
dev_100508
dev_100333
dev_101196
dev_103355
dev_100985,dev_100986,dev_100987,dev_100988
dev_101915
dev_101500
dev_101424
dev_100696
dev_102740
dev_103304
dev_102781
dev_101461
dev_101426
dev_102151
dev_103459
dev_100468
dev_101837
dev_103027
dev_103478
dev_100557
dev_103616
dev_103808
dev_100709
dev_100454,dev_101836,dev_102975,dev_103313,dev_103689
dev_100839
dev_103066
dev_102927
dev_103580
dev_101659,dev_102221
dev_101076
dev_100597
dev_103745
dev_101973
dev_101621
dev_102606
dev_101702
dev_101540
dev_100317,dev_100319,dev_100320
dev_100268
dev_100020
dev_101416
dev_100473
dev_102433
dev_101522
dev_100111
dev_103654
dev_103199
dev_101929
dev_100033
dev_101258
dev_101466
dev_101419
dev_103392
dev_100571
dev_102596
dev_100862
dev_103391
dev_103487
dev_101754
dev_102426
dev_103102
dev_102571
dev_101909
dev_103122
dev_103152
dev_100912
dev_102262
dev_103098
dev_101367
dev_103879
dev_102960
dev_103843
dev_101882
dev_100661
dev_100643
dev_102659
dev_101902
dev_103167
dev_100864
dev_103317
dev_102509
dev_101487
dev_103357
dev_100519
dev_100269
dev_100739
dev_103411
dev_100308
dev_100734,dev_100735,dev_100736,dev_100737,dev_100738
dev_100345
dev_103578,dev_103579
dev_102424
dev_102418
dev_100688
dev_100337
dev_101433
dev_102228
dev_101004,dev_101005
dev_102354
dev_103117
dev_101468
dev_100213
dev_100996
dev_103352
dev_100855
dev_100220
dev_103470
dev_100564
dev_103721
dev_101723
dev_103659
dev_101414
dev_103725,dev_103726
dev_101162
dev_100424
dev_103626
dev_103093
dev_103708
dev_103376
dev_102817
dev_103492
dev_101212
dev_102942
dev_101672
dev_102050
dev_102794
dev_102437
dev_102561,dev_103296
dev_100578
dev_102971
dev_101695
dev_101290
dev_100164,dev_100165,dev_100178
dev_101945
dev_101297
dev_101144
dev_101240
dev_102774
dev_101926
dev_101925
dev_103007
dev_103695
dev_100585
dev_100086
dev_100684
dev_102371
dev_100984
dev_100079
dev_101482
dev_101154
dev_102624
dev_102258
dev_100152,dev_100153,dev_100154,dev_100155,dev_100156,dev_100157,dev_100158,dev_100159,dev_100160,dev_100161,dev_100162,dev_100163,dev_100166,dev_100167,dev_100168,dev_100169,dev_100170,dev_100171,dev_100173,dev_100175,dev_100176,dev_100177
dev_102466
dev_101242
dev_101281
dev_103050
dev_103475
dev_100338
dev_100221
dev_100497
dev_102160
dev_100516
dev_102103
dev_102987,dev_103438
dev_100471
dev_101295
dev_101733
dev_102821
dev_102958,dev_102959
dev_102612
dev_102635
dev_100713
dev_100349
dev_103010
dev_103248
dev_101244
dev_101245
dev_100580,dev_100583
dev_101393
dev_100294,dev_100555,dev_102350,dev_103724
dev_100477
dev_102349
dev_100777
dev_102023
dev_101693
dev_101157
dev_103154
dev_103576
dev_103443
dev_102965
dev_101505
dev_100128
dev_100322
dev_103084
dev_103822
dev_103795
dev_103413
dev_102024
dev_103734
dev_100437
dev_102858
dev_103520
dev_102853
dev_101090
dev_100742
dev_101617
dev_101648
dev_102412
dev_101055,dev_101801
dev_101504
dev_101996
dev_102546
dev_102022
dev_103142
dev_102440
dev_100445
dev_101481,dev_101484
dev_101256
dev_103525
dev_100530
dev_100299
dev_100977
dev_100326
dev_100488
dev_101943
dev_101169
dev_103019
dev_103290
dev_100442
dev_101825
dev_102921
dev_100521
dev_101486
dev_100750
dev_100676
dev_100727
dev_103442
dev_102796
dev_101269
dev_103875
dev_101033
dev_101936
dev_103440
dev_100091,dev_100095,dev_100098,dev_100100
dev_102974
dev_102861
dev_101121
dev_103508
dev_101237
dev_102083
dev_103838
dev_102961
dev_101554
dev_101799
dev_100107
dev_103134
dev_100753
dev_101991
dev_101003
dev_103410
dev_103332
dev_101203
dev_102662
dev_100775
dev_100304
dev_100306
dev_103069
dev_100011
dev_102295
dev_101567
dev_103065
dev_101068
dev_100786
dev_102864
dev_102671
dev_101797
dev_102377
dev_100234
dev_102230
dev_103095
dev_101720
dev_103889
dev_102384
dev_102530
dev_103195,dev_103196
dev_102532
dev_101427,dev_102106
dev_100710
dev_103474
dev_100671
dev_101987
dev_101313
dev_101078
dev_102211
dev_102897
dev_103804
dev_103612
dev_102008
dev_101276
dev_102773
dev_102661
dev_103089
dev_102917,dev_102918
dev_103340
dev_103715
dev_103188
dev_100496
dev_101573
dev_101963
dev_103844
dev_102981
dev_100731
dev_102816
dev_102310,dev_102315
dev_100329
dev_101136
dev_102665
dev_102908
dev_102086,dev_102096
dev_100893
dev_100679
dev_103213,dev_103214
dev_102924
dev_101520
dev_102447
dev_100715
dev_101376
dev_100407
dev_102576
dev_103701
dev_100528
dev_101413
dev_100122
dev_100968
dev_102406
dev_100467
dev_100866
dev_101810
dev_101392
dev_103371
dev_100589
dev_102336
dev_100527,dev_102357,dev_102523,dev_103054
dev_103039
dev_101729
dev_102187
dev_100845
dev_102595
dev_100641
dev_103047
dev_103149
dev_103336
dev_100343
dev_101555
dev_101980
dev_101174
dev_102512
dev_103202
dev_101159
dev_103110
dev_103590
dev_100451
dev_101795
dev_101397
dev_101498
dev_102326
dev_100185
dev_101832
dev_100288
dev_100088,dev_100089,dev_100092,dev_100093,dev_100096,dev_100097,dev_100099
dev_103125
dev_102980
dev_101667
dev_102991
dev_101371
dev_102536
dev_103245
dev_103755
dev_103518
dev_102067
dev_101764
dev_100511
dev_103608
dev_101871
dev_101067
dev_100393
dev_101282
dev_103031
dev_102575
dev_101383,dev_101817,dev_103200
dev_103080
dev_103855
dev_103026
dev_103589
dev_101696
dev_103417
dev_102746
dev_103158
dev_100698
dev_102065
dev_100237
dev_102531
dev_100800
dev_101320
dev_101941
dev_100799
dev_101014
dev_101307
dev_100207
dev_100797
dev_102888
dev_100694
dev_100791
dev_101167
dev_100446
dev_101701
dev_101087
dev_103436
dev_100403
dev_101895
dev_100290
dev_103720
dev_103748
dev_103771
dev_102650
dev_100420
dev_100779
dev_100042
dev_101415
dev_100858
dev_102053
dev_102471
dev_102177
dev_102393,dev_103094
dev_101863
dev_100204
dev_102335
dev_100378
dev_101221
dev_103864
dev_100129
dev_103505
dev_100244
dev_102937
dev_100265
dev_100272
dev_103085
dev_101593
dev_100436
dev_103740
dev_103129
dev_102329
dev_103063
dev_101947
dev_103056
dev_102044
dev_102179,dev_102180,dev_102181,dev_102182
dev_100190
dev_101948
dev_102547
dev_103021
dev_102290
dev_100658
dev_100804
dev_102916
dev_100291
dev_100787
dev_102474
dev_100635
dev_101453
dev_102809
dev_100218
dev_102463
dev_103106
dev_102356,dev_102860
dev_103497
dev_101738
dev_102656
dev_102411
dev_100305
dev_100303
dev_102514
dev_103333
dev_101309
dev_102332
dev_103652
dev_101958
dev_103297
dev_103878
dev_102152
dev_100146
dev_102081,dev_102082,dev_102084,dev_102085,dev_102087,dev_102088,dev_102089,dev_102090,dev_102091,dev_102092,dev_102093,dev_102094,dev_102095,dev_102098,dev_102099,dev_102101,dev_102102
dev_103809
dev_101556,dev_101557,dev_101558
dev_102485,dev_102486,dev_102487
dev_102782
dev_101238
dev_100603
dev_103794
dev_100124
dev_100620
dev_101324
dev_102887
dev_103776
dev_102607
dev_103374
dev_103615
dev_101262
dev_101325
dev_101271
dev_102621
dev_101396
dev_103306,dev_103307,dev_103308,dev_103309
dev_100733
dev_100144
dev_100277
dev_103068
dev_101957
dev_102867
dev_100242
dev_103842
dev_103097
dev_103651
dev_100117
dev_101277
dev_100149
dev_102347
dev_100388
dev_103823
dev_103329
dev_101714
dev_101762
dev_101899
dev_100187
dev_103801,dev_103802
dev_102190
dev_103303
dev_100076,dev_100419
dev_102252
dev_100877
dev_102967
dev_101864
dev_102763
dev_103181
dev_102324
dev_102497
dev_100307
dev_102966
dev_102238
dev_103311
dev_103569
dev_102664
dev_101976
dev_103328
dev_103461
dev_100827
dev_101462
dev_100223
dev_100593
dev_102508
dev_103566
dev_103500
dev_100588
dev_100587
dev_103650
dev_102075
dev_101814
dev_103856
dev_101630
dev_103322
dev_101057
dev_100334
dev_101302
dev_102564
dev_100843
dev_100908
dev_101859
dev_101528
dev_100172
dev_103666,dev_103667
dev_102225
dev_102215
dev_102135
dev_100174
dev_103638
dev_100019
dev_102438
dev_103087
dev_103086
dev_101284,dev_101285,dev_101286
dev_102425
dev_100282
dev_103554
dev_101858
dev_100125
dev_103416
dev_100563
dev_100867
dev_103051
dev_101586
dev_101604
dev_101235
dev_103857
dev_100634
dev_100732
dev_102490
dev_103799
dev_100460
dev_100292
dev_100730
dev_100509,dev_100510
dev_101962,dev_103434
dev_102556
dev_102555
dev_102344
dev_103766
dev_101587
dev_102359,dev_102360
dev_103468
dev_100830
dev_102227
dev_102453
dev_100729
dev_102672
dev_103750
dev_102222
dev_101760
dev_103239
dev_102011
dev_103330
dev_103009
dev_100217
dev_101601
dev_101401
dev_100609
dev_101017
dev_102507
dev_101335
dev_102173,dev_102895
dev_100081,dev_100082
dev_102210
dev_100633
dev_100763,dev_100764,dev_100765,dev_100766
dev_102566
dev_103641
dev_100369,dev_100372
dev_100391
dev_100492
dev_101012
dev_102638
dev_101605,dev_101606,dev_101607
dev_103787
dev_101820
dev_100552,dev_101514,dev_102454,dev_102756,dev_103377
dev_102205
dev_102636
dev_102712
dev_100118
dev_103061
dev_101440
dev_101816,dev_102305,dev_102333,dev_102751
dev_100769
dev_103298
dev_102403
dev_101952
dev_101971
dev_103030
dev_102988
dev_102674
dev_101384
dev_101575
dev_102441,dev_102442,dev_102443
dev_100892
dev_101263
dev_100205
dev_100522
dev_101314
dev_103043
dev_101588
dev_101160
dev_103424
dev_100397
dev_101218
dev_101163
dev_103288,dev_103289
dev_101539
dev_102237
dev_102197
dev_103395
dev_100132
dev_100068
dev_102462
dev_101053
dev_102524
dev_100009
dev_103100
dev_102052
dev_100490
dev_103640
dev_103040
dev_101740
dev_103848
dev_100390
dev_100832,dev_103863
dev_101206,dev_101207
dev_100712
dev_100692,dev_103592
dev_100191,dev_100192
dev_103629
dev_100394
dev_103448
dev_100274
dev_102823
dev_100611
dev_101216
dev_100579,dev_100581,dev_100582,dev_100584
dev_103339
dev_102538
dev_102051
dev_103115
dev_100025
dev_100210
dev_100120
dev_101370
dev_102364
dev_100396
dev_102444
dev_103172
dev_101677,dev_101680
dev_100109
dev_103194
dev_103204
dev_103535,dev_103536
dev_103161
dev_101603
dev_102376
dev_100898
dev_102603
dev_103642
dev_100831
dev_103126
dev_100693
dev_102493
dev_101073
dev_100094
dev_103673
dev_100708
dev_102619
dev_103571
dev_100448
dev_101243
dev_102395
dev_100239
dev_100466
dev_103363
dev_103493
dev_102132
dev_100059
dev_101375
dev_103177
dev_101721
dev_103314
dev_101979
dev_103886
dev_100060
dev_100063
dev_100535,dev_103872
dev_103870
dev_103491
dev_101548,dev_101549,dev_101550
dev_101259
dev_100596
dev_100062
dev_101117
dev_101806
dev_103729
dev_102675
dev_100061
dev_101747
dev_102670
dev_101230
dev_103105
dev_100330
dev_102020
dev_102879
dev_102539
dev_102873
dev_100740
dev_102423
dev_101788
dev_101134
dev_102268,dev_102269
dev_102790
dev_101656
dev_100108
dev_101675
dev_100264
dev_101077
dev_103710
dev_102402
dev_103853
dev_100258
dev_103341
dev_102938
dev_103605
dev_103653
dev_100598
dev_101953
dev_101409
dev_100047
dev_101964
dev_101247
dev_102990
dev_102058
dev_100741
dev_103016
dev_100214
dev_100080
dev_101222
dev_103178
dev_103120
dev_100854
dev_102553
dev_102000
dev_102183
dev_100404
dev_100066
dev_101459
dev_102012
dev_102855
dev_100919
dev_102165
dev_102373
dev_100464
dev_102906
dev_101620
dev_103207
dev_103821
dev_103241
dev_101029
dev_100121
dev_100909
dev_103837
dev_100035,dev_100036
dev_101056
dev_103530
dev_103338
dev_103815
dev_102498,dev_102499,dev_102500,dev_102501
dev_103029
dev_102158
dev_102542
dev_101592
dev_102863
dev_102533
dev_102366
dev_101485
dev_101388
dev_102484
dev_103791
dev_101374
dev_101676,dev_101679
dev_101541
dev_100090
dev_102995
dev_101071
dev_102134
dev_101283
dev_102617
dev_101993
dev_101372
dev_100782
dev_101935
dev_101578
dev_102608
dev_101787
dev_101287
dev_101474
dev_102537
dev_103321
dev_101361
dev_103323
dev_102922
dev_101784
dev_101794
dev_101025
dev_102738
dev_100453
dev_103414
dev_101173
dev_100759,dev_100760
dev_101894
dev_101596
dev_102639
dev_101292
dev_103206
dev_100026
dev_102581
dev_103826
dev_103460
dev_102629
dev_100034,dev_101934,dev_103447
dev_100594
dev_101204
dev_100803
dev_101821
dev_103757
dev_101191,dev_101192
dev_102410
dev_101120
dev_103028
dev_102105
dev_101786
dev_102017
dev_102398
dev_101517
dev_102646
dev_103529
dev_101195
dev_103362
dev_102048
dev_100664
dev_100016
dev_101585,dev_101589
dev_101389
dev_102248
dev_103873
dev_101649
dev_102994
dev_101408
dev_103692
dev_101671
dev_100652
dev_101202
dev_100780
dev_102320
dev_102007
dev_102198
dev_101874
dev_101471
dev_100997
dev_102993
dev_102307
dev_103485
dev_101147
dev_102219
dev_102232
dev_102543
dev_102811
dev_102810
dev_102452
dev_103324
dev_102218
dev_102573,dev_103286
dev_101919
dev_103565
dev_102495
dev_102907
dev_101766
dev_102812
dev_101678
dev_101467
dev_101205
dev_103553
dev_103614
dev_100889
dev_101094
dev_102946
dev_101026
dev_100252
dev_100259
dev_100017
dev_102914
dev_100805
dev_102342
dev_102415
dev_100793
dev_100022
dev_101564
dev_101717
dev_101194
dev_100697
dev_101075
dev_103099
dev_101711
dev_101892
dev_102992
dev_100151
dev_101559
dev_100506
dev_101112
dev_101692
dev_103754
dev_103312
dev_100612
dev_100251
dev_102586
dev_100083,dev_103712
dev_100534
dev_103521
dev_102766
dev_101921
dev_100781,dev_100783
dev_102866
dev_101000
dev_100670
dev_101950
dev_103477
dev_103394
dev_100021
dev_103300
dev_100632
dev_103466
dev_103114
dev_100773
dev_103104
dev_101138
dev_102968
dev_103082
dev_101535
dev_100344
dev_101024,dev_101027
dev_100327
dev_103617
dev_103489
dev_103044
dev_101234
dev_101904
dev_101499
dev_101510
dev_101019
dev_102175
dev_100995
dev_103735
dev_101922
dev_101890
dev_103014
dev_100457
dev_103107
dev_101439
dev_102062
dev_103805
dev_101458
dev_103587
dev_103512
dev_103599
dev_103574
dev_101480
dev_103005
dev_102334
dev_102800
dev_101470
dev_100567
dev_103184
dev_101583
dev_101122
dev_103305
dev_103003
dev_101576
dev_101460
dev_101785
dev_101524
dev_102116,dev_103643,dev_103665
dev_101560
dev_101876
dev_103433
dev_103045
dev_103532
dev_101565
dev_102594
dev_101670
dev_103295
dev_100743
dev_103372
dev_102451
dev_100703
dev_103319
dev_102943,dev_102944,dev_102945
dev_103077
dev_103138
dev_102909
dev_102234
dev_101273
dev_101132
dev_100517
dev_100139
dev_101944
dev_102026
dev_100360
dev_100700
dev_103127
dev_103700
dev_103467
dev_100452
dev_103356
dev_103619,dev_103621
dev_100669
dev_101294
dev_103869
dev_102780
dev_100456
dev_100540
dev_100794
dev_103631
dev_103250
dev_103807
dev_101156
dev_101395
dev_103854
dev_100667
dev_100439
dev_100418,dev_102014,dev_102479,dev_103706,dev_103861
dev_100615
dev_100012
dev_101062
dev_100531,dev_102431,dev_103472
dev_101658
dev_102294
dev_100590
dev_101789
dev_100147
dev_100406
dev_100126
dev_102519
dev_100102
dev_103180
dev_101582,dev_101584
dev_102382
dev_102540
dev_101715
dev_101201
dev_101985
dev_101141
dev_100860
dev_100115
dev_100046
dev_103620
dev_101815
dev_100695
dev_102783
dev_101264
dev_100486
dev_103287
dev_103189
dev_102449
dev_101612
dev_103147
dev_101727
dev_103169
dev_102541
dev_100544
dev_103345
dev_103562
dev_101293
dev_101687
dev_103526
dev_101920
dev_102078
dev_100141
dev_102355
dev_102321
dev_102529
dev_101411
dev_101028,dev_101030
dev_101704
dev_101298
dev_101382
dev_100914
dev_102919
dev_103482
dev_103382
dev_103450
dev_101666
dev_102757
dev_103101
dev_102436
dev_102930
dev_102448
dev_100435
dev_103379
dev_103749
dev_101451
dev_101923
dev_103331
dev_102408
dev_100499
dev_103533
dev_103606
dev_101164
dev_101001
dev_103888
dev_103067
dev_103342
dev_100179
dev_101949
dev_102905
dev_100857
dev_101490
dev_100247
dev_103354
dev_103727
dev_100389
dev_100520
dev_101905
dev_100103
dev_101694
dev_100130
dev_101803
dev_102920
dev_103645
dev_102955
dev_101877
dev_100209
dev_101668
dev_102110
dev_102126
dev_102120
dev_100790
dev_100431
dev_101966
dev_100562
dev_100101
dev_102128
dev_100054
dev_103316
dev_101744
dev_103743
dev_102676
dev_103858
dev_103364
dev_101310
dev_101081
dev_101143
dev_103694
dev_102276
dev_101093
dev_101260
dev_100328
dev_101579
dev_100395
dev_102752
dev_101731
dev_100143
dev_103025
dev_100057
dev_103775
dev_102308
dev_101064
dev_103222
dev_102852
dev_102880
dev_100891
dev_102367
dev_102068,dev_102069
dev_101537
dev_102171
dev_102814
dev_103865
dev_102605
dev_100119
dev_103761
dev_101532
dev_102330
dev_100136
dev_100032
dev_101746
dev_103597
dev_100008
dev_100848
dev_102066,dev_103216,dev_103247,dev_103463
dev_100716
dev_102962
dev_103383
dev_101577
dev_103763
dev_100720
dev_102370
dev_102072
dev_100044
dev_100045
dev_100024
dev_101933
dev_101736
dev_100682
dev_100859
dev_100850
dev_102654
dev_100208
dev_102450
dev_100325
dev_102778
dev_102465
dev_100979
dev_103741
dev_103817
dev_102189
dev_100145
dev_103818
dev_103365
dev_100127
dev_102439
dev_101898
dev_102480
dev_102989
dev_102421
dev_102061
dev_103527
dev_101840
dev_103625
dev_100113
dev_101031
dev_103183
dev_100629
[Finished in 0.0s]